total_SBA,540,7a,ESTAB,GEO_ID,mean_agi,ZIPCODE,SBA_per_Small,540_per_Small,7a_per_Small
1,,1.0,,,,5,,,
3,2.0,1.0,,,,9,,,
1,,1.0,,,,1188,,,
1,,1.0,569.0,8610000US01890,211206.116505,1890,0.00175746924429,,0.00175746924429
1,,1.0,,,,2947,,,
1,1.0,,685.0,8610000US04005,44982.8935396,4005,0.0014598540146,0.0014598540146,
1,1.0,,48.0,8610000US04030,49105.8252427,4030,0.0208333333333,0.0208333333333,
1,,1.0,512.0,8610000US04062,59280.1843318,4062,0.001953125,,0.001953125
1,1.0,,13.0,8610000US04063,,4063,0.0769230769231,0.0769230769231,
1,1.0,,468.0,8610000US04105,134113.689482,4105,0.00213675213675,0.00213675213675,
1,1.0,,41.0,8610000US04110,220085.526316,4110,0.0243902439024,0.0243902439024,
2,,2.0,,,,4111,,,
1,,1.0,52.0,8610000US04402,,4402,0.0192307692308,,0.0192307692308
1,,1.0,,,,4501,,,
1,,1.0,,,,4509,,,
1,,1.0,42.0,8610000US04544,86497.3684211,4544,0.0238095238095,,0.0238095238095
1,,1.0,14.0,8610000US04558,53693.3333333,4558,0.0714285714286,,0.0714285714286
1,,1.0,,,,4583,,,
2,,2.0,,,,4601,,,
1,,1.0,,,,4603,,,
1,,1.0,,,,4709,,,
1,1.0,,,,,4904,,,
1,1.0,,,,,5008,,,
1,,1.0,,,,5020,,,
1,,1.0,15.0,8610000US05035,43866.6666667,5035,0.0666666666667,,0.0666666666667
1,,1.0,3.0,8610000US05050,,5050,0.333333333333,,0.333333333333
1,,1.0,22.0,8610000US05051,43835.2941176,5051,0.0454545454545,,0.0454545454545
2,,2.0,7.0,8610000US05054,,5054,0.285714285714,,0.285714285714
1,,1.0,209.0,8610000US05060,49457.826087,5060,0.00478468899522,,0.00478468899522
1,,1.0,,,,5110,,,
1,,1.0,,,,5112,,,
1,,1.0,,,,5123,,,
1,,1.0,,,,5432,,,
1,,1.0,15.0,8610000US05448,51843.6363636,5448,0.0666666666667,,0.0666666666667
1,,1.0,,,,5688,,,
1,,1.0,,,,8174,,,
1,,1.0,,,,8545,,,
1,,1.0,,,,9450,,,
1,,1.0,,,,9500,,,
1,,1.0,434.0,8610000US23221,111519.976219,23221,0.00230414746544,,0.00230414746544
1,,1.0,,,,34501,,,
2,,2.0,19.0,8610000US34611,,34611,0.105263157895,,0.105263157895
1,,1.0,29.0,8610000US36205,59504.1666667,36205,0.0344827586207,,0.0344827586207
1,,1.0,,,,40872,,,
1,,1.0,,,,41525,,,
1,,1.0,,,,44523,,,
1,,1.0,12.0,8610000US45003,42093.0232558,45003,0.0833333333333,,0.0833333333333
1,,1.0,518.0,8610000US45005,46879.6645702,45005,0.0019305019305,,0.0019305019305
1,,1.0,25.0,8610000US45054,68985.7142857,45054,0.04,,0.04
1,,1.0,,,,45540,,,
1,,1.0,116.0,8610000US45846,71483.6363636,45846,0.00862068965517,,0.00862068965517
1,,1.0,410.0,8610000US49301,186849.565217,49301,0.00243902439024,,0.00243902439024
1,,1.0,,,,49465,,,
1,,1.0,,,,54673,,,
1,,1.0,,,,55492,,,
1,1.0,,74.0,8610000US55949,52760.9195402,55949,0.0135135135135,0.0135135135135,
1,,1.0,,,,59409,,,
1,,1.0,834.0,8610000US60073,51038.8827637,60073,0.00119904076739,,0.00119904076739
1,,1.0,,,,64509,,,
1,,1.0,,,,64541,,,
1,,1.0,120.0,8610000US65010,57065.8536585,65010,0.00833333333333,,0.00833333333333
1,,1.0,104.0,8610000US65037,44803.8251366,65037,0.00961538461538,,0.00961538461538
1,,1.0,,,,65405,,,
1,,1.0,103.0,8610000US70776,66543.4482759,70776,0.00970873786408,,0.00970873786408
1,,1.0,531.0,8610000US74063,60466.337386,74063,0.00188323917137,,0.00188323917137
1,,1.0,,,,74086,,,
1,,1.0,523.0,8610000US74104,62646.5587045,74104,0.0019120458891,,0.0019120458891
1,,1.0,,,,74587,,,
1,,1.0,,,,74608,,,
1,,1.0,108.0,8610000US75076,64766.8621701,75076,0.00925925925926,,0.00925925925926
2,,2.0,1508.0,8610000US80110,42838.5918004,80110,0.00132625994695,,0.00132625994695
1,,1.0,7.0,8610000US84002,,84002,0.142857142857,,0.142857142857
1,,1.0,491.0,8610000US84066,78418.8911704,84066,0.0020366598778,,0.0020366598778
1,1.0,,5.0,8610000US84086,58400.0,84086,0.2,0.2,
1,,1.0,35.0,8610000US84122,,84122,0.0285714285714,,0.0285714285714
1,,1.0,857.0,8610000US84403,59299.4292961,84403,0.00116686114352,,0.00116686114352
1,,1.0,59.0,8610000US84513,,84513,0.0169491525424,,0.0169491525424
1,1.0,,6.0,8610000US84520,37329.7297297,84520,0.166666666667,0.166666666667,
2,,2.0,,,,84550,,,
1,,1.0,,,,84560,,,
1,,1.0,,,,84566,,,
2,,2.0,,,,84577,,,
1,,1.0,,,,84583,,,
1,,1.0,,,,84587,,,
1,,1.0,26.0,8610000US84603,,84603,0.0384615384615,,0.0384615384615
1,1.0,,3.0,8610000US84710,,84710,0.333333333333,0.333333333333,
1,,1.0,11.0,8610000US85005,,85005,0.0909090909091,,0.0909090909091
1,,1.0,687.0,8610000US85008,31793.1210191,85008,0.00145560407569,,0.00145560407569
1,,1.0,1017.0,8610000US85020,66051.8377693,85020,0.000983284169125,,0.000983284169125
1,,1.0,,,,85112,,,
1,,1.0,52.0,8610000US85123,,85123,0.0192307692308,,0.0192307692308
1,,1.0,,,,85129,,,
1,,1.0,103.0,8610000US85131,36352.5906736,85131,0.00970873786408,,0.00970873786408
1,,1.0,,,,85404,,,
1,,1.0,,,,85436,,,
1,,1.0,,,,85521,,,
1,,1.0,2063.0,8610000US89102,40459.1712371,89102,0.000484730974309,,0.000484730974309
1,,1.0,1135.0,8610000US89509,79451.3227513,89509,0.000881057268722,,0.000881057268722
1,,1.0,429.0,8610000US90003,24101.0161837,90003,0.002331002331,,0.002331002331
1,,1.0,774.0,8610000US90011,23983.6751214,90011,0.00129198966408,,0.00129198966408
1,,1.0,2248.0,8610000US90036,105107.512953,90036,0.000444839857651,,0.000444839857651
1,,1.0,1198.0,8610000US90232,82348.0427046,90232,0.000834724540902,,0.000834724540902
2,1.0,1.0,1381.0,8610000US90248,63132.3970037,90248,0.00144822592324,0.000724112961622,0.000724112961622
1,,1.0,1215.0,8610000US90250,42601.0859519,90250,0.00082304526749,,0.00082304526749
1,,1.0,699.0,8610000US90275,155228.095734,90275,0.00143061516452,,0.00143061516452
1,,1.0,291.0,8610000US90302,36755.8035714,90302,0.00343642611684,,0.00343642611684
1,,1.0,288.0,8610000US90304,29333.9473684,90304,0.00347222222222,,0.00347222222222
2,,2.0,1430.0,8610000US90403,131644.444444,90403,0.0013986013986,,0.0013986013986
1,,1.0,1749.0,8610000US90404,99423.8636364,90404,0.000571755288736,,0.000571755288736
1,,1.0,2.0,8610000US90407,,90407,0.5,,0.5
1,,1.0,4.0,8610000US90410,,90410,0.25,,0.25
1,,1.0,,,,90414,,,
1,1.0,,,,,90486,,,
1,,1.0,658.0,8610000US90502,55546.8639053,90502,0.00151975683891,,0.00151975683891
1,1.0,,2019.0,8610000US90503,84093.3427762,90503,0.000495294700347,0.000495294700347,
1,,1.0,,,,90514,,,
1,,1.0,859.0,8610000US90621,46838.6852086,90621,0.0011641443539,,0.0011641443539
1,,1.0,1055.0,8610000US90650,41398.5355191,90650,0.000947867298578,,0.000947867298578
1,,1.0,649.0,8610000US90701,44872.9251701,90701,0.00154083204931,,0.00154083204931
1,1.0,,1129.0,8610000US90720,102526.513761,90720,0.00088573959256,0.00088573959256,
1,,1.0,841.0,8610000US90806,37819.324474,90806,0.00118906064209,,0.00118906064209
1,1.0,,766.0,8610000US90813,26869.2343604,90813,0.00130548302872,0.00130548302872,
1,,1.0,525.0,8610000US91001,88626.9896194,91001,0.00190476190476,,0.00190476190476
1,,1.0,708.0,8610000US91011,276529.34322,91011,0.00141242937853,,0.00141242937853
1,,1.0,1172.0,8610000US91016,64998.9506821,91016,0.000853242320819,,0.000853242320819
1,,1.0,875.0,8610000US91304,57172.5472943,91304,0.00114285714286,,0.00114285714286
1,,1.0,2010.0,8610000US91311,83489.260274,91311,0.000497512437811,,0.000497512437811
1,1.0,,1422.0,8610000US91324,62282.992126,91324,0.00070323488045,0.00070323488045,
1,,1.0,689.0,8610000US91325,64267.311541,91325,0.00145137880987,,0.00145137880987
2,,2.0,639.0,8610000US91351,53733.9793282,91351,0.00312989045383,,0.00312989045383
1,,1.0,1963.0,8610000US91364,143812.585292,91364,0.000509424350484,,0.000509424350484
1,,1.0,2310.0,8610000US91367,103665.390208,91367,0.0004329004329,,0.0004329004329
1,,1.0,729.0,8610000US91402,31720.3677511,91402,0.00137174211248,,0.00137174211248
1,,1.0,955.0,8610000US91405,34409.0252708,91405,0.00104712041885,,0.00104712041885
1,,1.0,1598.0,8610000US91406,46386.9565217,91406,0.000625782227785,,0.000625782227785
1,,1.0,,,,91424,,,
1,,1.0,1182.0,8610000US91502,51884.4606947,91502,0.000846023688663,,0.000846023688663
1,,1.0,,,,91536,,,
1,1.0,,,,,91589,,,
1,,1.0,793.0,8610000US91602,97893.5862692,91602,0.00126103404792,,0.00126103404792
1,,1.0,,,,91621,,,
1,1.0,,1805.0,8610000US91733,30832.7364298,91733,0.000554016620499,0.000554016620499,
1,,1.0,773.0,8610000US91803,46392.7247769,91803,0.0012936610608,,0.0012936610608
1,,1.0,1342.0,8610000US91911,40918.8841202,91911,0.000745156482861,,0.000745156482861
2,,2.0,797.0,8610000US91941,78712.4677003,91941,0.00250941028858,,0.00250941028858
1,,1.0,,,,91947,,,
1,,1.0,160.0,8610000US91978,54075.6696429,91978,0.00625,,0.00625
1,,1.0,4096.0,8610000US92101,90457.1573091,92101,0.000244140625,,0.000244140625
1,,1.0,1607.0,8610000US92110,67161.3425926,92110,0.000622277535781,,0.000622277535781
1,,1.0,1792.0,8610000US92123,64669.6175637,92123,0.000558035714286,,0.000558035714286
1,1.0,,300.0,8610000US92124,78663.2763975,92124,0.00333333333333,0.00333333333333,
1,,1.0,533.0,8610000US92173,28595.5419991,92173,0.00187617260788,,0.00187617260788
1,,1.0,1511.0,8610000US92260,68837.6311844,92260,0.00066181336863,,0.00066181336863
1,,1.0,204.0,8610000US92352,,92352,0.00490196078431,,0.00490196078431
1,,1.0,1212.0,8610000US92373,90951.0911425,92373,0.000825082508251,,0.000825082508251
1,,1.0,11.0,8610000US92423,,92423,0.0909090909091,,0.0909090909091
1,,1.0,827.0,8610000US92504,47689.9382171,92504,0.00120918984281,,0.00120918984281
2,,2.0,249.0,8610000US92587,66137.3443983,92587,0.00803212851406,,0.00803212851406
1,1.0,,3789.0,8610000US92660,235309.336465,92660,0.000263921879124,0.000263921879124,
1,,1.0,,,,92667,,,
1,,1.0,1189.0,8610000US92675,112077.427184,92675,0.000841042893188,,0.000841042893188
1,1.0,,2988.0,8610000US92705,108566.233141,92705,0.000334672021419,0.000334672021419,
1,1.0,,,,,92715,,,
1,,1.0,1141.0,8610000US92805,38475.2914508,92805,0.000876424189308,,0.000876424189308
1,,1.0,479.0,8610000US92808,110475.449735,92808,0.00208768267223,,0.00208768267223
1,1.0,,1073.0,8610000US92843,35744.6787149,92843,0.000931966449208,0.000931966449208,
1,,1.0,1206.0,8610000US92870,66626.8163265,92870,0.000829187396352,,0.000829187396352
1,,1.0,,,,92924,,,
1,,1.0,,,,92928,,,
1,,1.0,,,,92945,,,
1,1.0,,486.0,8610000US93111,95221.3968958,93111,0.00205761316872,0.00205761316872,
1,,1.0,11.0,8610000US93120,,93120,0.0909090909091,,0.0909090909091
1,,1.0,,,,93131,,,
1,,1.0,765.0,8610000US93420,80368.2055101,93420,0.00130718954248,,0.00130718954248
2,,2.0,819.0,8610000US93422,66152.4766691,93422,0.002442002442,,0.002442002442
1,1.0,,25.0,8610000US93440,,93440,0.04,0.04,
1,,1.0,860.0,8610000US93455,68613.7092602,93455,0.00116279069767,,0.00116279069767
1,,1.0,12.0,8610000US93531,109980.0,93531,0.0833333333333,,0.0833333333333
1,,1.0,867.0,8610000US93551,69448.94785,93551,0.00115340253749,,0.00115340253749
2,,2.0,706.0,8610000US93611,69154.7534316,93611,0.0028328611898,,0.0028328611898
1,,1.0,624.0,8610000US93637,48864.2570281,93637,0.00160256410256,,0.00160256410256
1,,1.0,385.0,8610000US93638,30536.1899563,93638,0.0025974025974,,0.0025974025974
1,,1.0,1241.0,8610000US93710,43376.592225,93710,0.000805801772764,,0.000805801772764
1,,1.0,1498.0,8610000US93720,82064.605138,93720,0.000667556742323,,0.000667556742323
1,1.0,,1312.0,8610000US93901,57650.7780508,93901,0.000762195121951,0.000762195121951,
2,,2.0,425.0,8610000US93905,31148.6390951,93905,0.00470588235294,,0.00470588235294
1,,1.0,18.0,8610000US93912,,93912,0.0555555555556,,0.0555555555556
1,,1.0,309.0,8610000US93921,,93921,0.00323624595469,,0.00323624595469
1,,1.0,541.0,8610000US93923,167790.2,93923,0.00184842883549,,0.00184842883549
1,1.0,,318.0,8610000US93933,48322.3484848,93933,0.00314465408805,0.00314465408805,
3,,3.0,1780.0,8610000US93940,92022.3463687,93940,0.00168539325843,,0.00168539325843
2,,2.0,444.0,8610000US93950,81650.4516129,93950,0.0045045045045,,0.0045045045045
1,,1.0,568.0,8610000US93955,44559.1310251,93955,0.00176056338028,,0.00176056338028
1,1.0,,150.0,8610000US93960,44557.6923077,93960,0.00666666666667,0.00666666666667,
2,,2.0,,,,94001,,,
144,22.0,122.0,710.0,8610000US94002,148400.223547,94002,0.202816901408,0.030985915493,0.171830985915
3,1.0,2.0,,,,94003,,,
52,14.0,38.0,288.0,8610000US94005,125343.173432,94005,0.180555555556,0.0486111111111,0.131944444444
1,,1.0,,,,94006,,,
301,52.0,249.0,2216.0,8610000US94010,330660.222868,94010,0.13583032491,0.0234657039711,0.112364620939
1,,1.0,19.0,8610000US94011,,94011,0.0526315789474,,0.0526315789474
2,,2.0,,,,94012,,,
2,1.0,1.0,,,,94013,,,
112,13.0,99.0,594.0,8610000US94014,52467.2300082,94014,0.188552188552,0.0218855218855,0.166666666667
88,3.0,85.0,869.0,8610000US94015,61978.638351,94015,0.101265822785,0.00345224395857,0.0978135788262
2,,2.0,9.0,8610000US94017,,94017,0.222222222222,,0.222222222222
14,,14.0,72.0,8610000US94018,,94018,0.194444444444,,0.194444444444
106,11.0,95.0,437.0,8610000US94019,146126.309068,94019,0.242562929062,0.025171624714,0.217391304348
6,,6.0,24.0,8610000US94020,137053.947368,94020,0.25,,0.25
108,17.0,91.0,931.0,8610000US94022,544875.890985,94022,0.116004296455,0.0182599355532,0.0977443609023
2,,2.0,9.0,8610000US94023,,94023,0.222222222222,,0.222222222222
53,6.0,47.0,465.0,8610000US94024,404691.575092,94024,0.113978494624,0.0129032258065,0.101075268817
207,28.0,179.0,1721.0,8610000US94025,329606.963646,94025,0.120278907612,0.0162696106915,0.10400929692
1,,1.0,20.0,8610000US94026,,94026,0.05,,0.05
8,2.0,6.0,177.0,8610000US94027,1508929.84127,94027,0.045197740113,0.0112994350282,0.0338983050847
20,1.0,19.0,188.0,8610000US94028,650283.768116,94028,0.106382978723,0.00531914893617,0.101063829787
95,3.0,92.0,531.0,8610000US94030,107502.604167,94030,0.178907721281,0.00564971751412,0.173258003766
4,,4.0,64.0,8610000US94035,,94035,0.0625,,0.0625
1,,1.0,,,,94036,,,
7,2.0,5.0,60.0,8610000US94037,,94037,0.116666666667,0.0333333333333,0.0833333333333
7,,7.0,45.0,8610000US94038,107130.612245,94038,0.155555555556,,0.155555555556
3,1.0,2.0,3.0,8610000US94039,,94039,1.0,0.333333333333,0.666666666667
173,26.0,147.0,1010.0,8610000US94040,157971.684146,94040,0.171287128713,0.0257425742574,0.145544554455
95,15.0,80.0,488.0,8610000US94041,176493.514916,94041,0.194672131148,0.030737704918,0.16393442623
5,2.0,3.0,11.0,8610000US94042,,94042,0.454545454545,0.181818181818,0.272727272727
215,71.0,144.0,1156.0,8610000US94043,138737.851997,94043,0.18598615917,0.0614186851211,0.124567474048
94,3.0,91.0,557.0,8610000US94044,90479.3223717,94044,0.168761220826,0.00538599640934,0.163375224417
1,,1.0,,,,94046,,,
1,,1.0,,,,94051,,,
1,1.0,,,,,94053,,,
4,,4.0,37.0,8610000US94060,70406.5789474,94060,0.108108108108,,0.108108108108
61,10.0,51.0,560.0,8610000US94061,109256.623812,94061,0.108928571429,0.0178571428571,0.0910714285714
60,7.0,53.0,681.0,8610000US94062,400550.375375,94062,0.0881057268722,0.0102790014684,0.0778267254038
352,72.0,280.0,1598.0,8610000US94063,60136.8918919,94063,0.22027534418,0.0450563204005,0.17521902378
5,,5.0,18.0,8610000US94064,,94064,0.277777777778,,0.277777777778
40,2.0,38.0,465.0,8610000US94065,264270.847458,94065,0.0860215053763,0.00430107526882,0.0817204301075
160,13.0,147.0,997.0,8610000US94066,77311.1496746,94066,0.160481444333,0.0130391173521,0.147442326981
1,,1.0,,,,94067,,,
2,,2.0,,,,94068,,,
1,,1.0,,,,94069,,,
385,70.0,315.0,1376.0,8610000US94070,202108.268734,94070,0.279796511628,0.0508720930233,0.228924418605
3,,3.0,,,,94071,,,
1,,1.0,,,,94073,,,
1,1.0,,9.0,8610000US94074,64083.3333333,94074,0.111111111111,0.111111111111,
1,,1.0,,,,94078,,,
524,124.0,400.0,2132.0,8610000US94080,73164.0601947,94080,0.245778611632,0.0581613508443,0.187617260788
8,1.0,7.0,21.0,8610000US94083,,94083,0.380952380952,0.047619047619,0.333333333333
2,1.0,1.0,,,,94084,,,
93,20.0,73.0,824.0,8610000US94085,94800.1740644,94085,0.11286407767,0.0242718446602,0.0885922330097
288,67.0,221.0,906.0,8610000US94086,115927.61578,94086,0.317880794702,0.0739514348786,0.243929359823
203,19.0,184.0,1127.0,8610000US94087,158532.183457,94087,0.180124223602,0.01685891748,0.163265306122
4,1.0,3.0,15.0,8610000US94088,,94088,0.266666666667,0.0666666666667,0.2
128,42.0,86.0,584.0,8610000US94089,87994.8462929,94089,0.219178082192,0.0719178082192,0.147260273973
1,,1.0,,,,94097,,,
7,1.0,6.0,,,,94101,,,
339,43.0,296.0,1768.0,8610000US94102,79058.9003436,94102,0.191742081448,0.0243212669683,0.16742081448
740,168.0,572.0,2950.0,8610000US94103,135848.949153,94103,0.250847457627,0.0569491525424,0.193898305085
161,8.0,153.0,2155.0,8610000US94104,587373.134328,94104,0.0747099767981,0.00371229698376,0.0709976798144
199,26.0,173.0,2318.0,8610000US94105,419793.233083,94105,0.0858498705781,0.0112165660052,0.0746333045729
1,,1.0,,,,94106,,,
559,102.0,457.0,2431.0,8610000US94107,191292.870313,94107,0.229946524064,0.041958041958,0.187988482106
191,9.0,182.0,1743.0,8610000US94108,125364.497878,94108,0.10958118187,0.00516351118761,0.104417670683
334,59.0,275.0,1764.0,8610000US94109,135456.043956,94109,0.189342403628,0.0334467120181,0.15589569161
478,64.0,414.0,2076.0,8610000US94110,106806.16473,94110,0.230250481696,0.0308285163776,0.199421965318
257,23.0,234.0,2597.0,8610000US94111,708140.647482,94111,0.0989603388525,0.00885637273777,0.0901039661147
121,12.0,109.0,827.0,8610000US94112,53069.8636469,94112,0.146311970979,0.0145102781137,0.131801692866
3,,3.0,,,,94113,,,
214,15.0,199.0,1090.0,8610000US94114,212886.631016,94114,0.196330275229,0.0137614678899,0.182568807339
185,25.0,160.0,1264.0,8610000US94115,205368.923077,94115,0.146360759494,0.0197784810127,0.126582278481
121,12.0,109.0,673.0,8610000US94116,91342.614601,94116,0.179791976226,0.0178306092125,0.161961367013
189,8.0,181.0,981.0,8610000US94117,148242.130026,94117,0.192660550459,0.00815494393476,0.184505606524
207,23.0,184.0,1307.0,8610000US94118,198111.396544,94118,0.158377964805,0.017597551645,0.14078041316
2,,2.0,10.0,8610000US94119,,94119,0.2,,0.2
1,,1.0,7.0,8610000US94120,,94120,0.142857142857,,0.142857142857
105,12.0,93.0,744.0,8610000US94121,111020.83151,94121,0.141129032258,0.0161290322581,0.125
173,14.0,159.0,1076.0,8610000US94122,86221.7757009,94122,0.160780669145,0.0130111524164,0.147769516729
212,14.0,198.0,1159.0,8610000US94123,277246.29156,94123,0.182916307161,0.0120793787748,0.170836928387
390,90.0,300.0,1211.0,8610000US94124,41995.9252971,94124,0.322047894302,0.074318744839,0.247729149463
2,,2.0,7.0,8610000US94125,,94125,0.285714285714,,0.285714285714
1,,1.0,9.0,8610000US94126,,94126,0.111111111111,,0.111111111111
80,2.0,78.0,490.0,8610000US94127,177239.24783,94127,0.163265306122,0.00408163265306,0.159183673469
7,1.0,6.0,177.0,8610000US94128,,94128,0.0395480225989,0.00564971751412,0.0338983050847
19,1.0,18.0,256.0,8610000US94129,268328.571429,94129,0.07421875,0.00390625,0.0703125
8,,8.0,48.0,8610000US94130,35379.6296296,94130,0.166666666667,,0.166666666667
90,9.0,81.0,429.0,8610000US94131,167871.45534,94131,0.20979020979,0.020979020979,0.188811188811
71,3.0,68.0,482.0,8610000US94132,73972.6796407,94132,0.147302904564,0.00622406639004,0.141078838174
180,19.0,161.0,1451.0,8610000US94133,124628.359217,94133,0.124052377671,0.013094417643,0.110957960028
58,4.0,54.0,359.0,8610000US94134,49014.4748858,94134,0.161559888579,0.0111420612813,0.150417827298
1,,1.0,,,,94135,,,
1,,1.0,2.0,8610000US94137,,94137,0.5,,0.5
1,,1.0,4.0,8610000US94140,,94140,0.25,,0.25
1,,1.0,9.0,8610000US94141,,94141,0.111111111111,,0.111111111111
1,,1.0,3.0,8610000US94142,,94142,0.333333333333,,0.333333333333
3,,3.0,11.0,8610000US94143,,94143,0.272727272727,,0.272727272727
1,,1.0,7.0,8610000US94146,,94146,0.142857142857,,0.142857142857
1,,1.0,6.0,8610000US94147,,94147,0.166666666667,,0.166666666667
5,,5.0,138.0,8610000US94158,183762.385321,94158,0.036231884058,,0.036231884058
1,,1.0,,,,94163,,,
1,1.0,,3.0,8610000US94164,,94164,0.333333333333,0.333333333333,
3,1.0,2.0,7.0,8610000US94188,,94188,0.428571428571,0.142857142857,0.285714285714
1,1.0,,,,,94193,,,
1,,1.0,,,,94197,,,
1,,1.0,,,,94204,,,
1,,1.0,,,,94298,,,
1,,1.0,,,,94300,,,
120,12.0,108.0,1415.0,8610000US94301,1224284.06467,94301,0.0848056537102,0.00848056537102,0.0763250883392
86,27.0,59.0,888.0,8610000US94303,218376.036866,94303,0.0968468468468,0.0304054054054,0.0664414414414
10,,10.0,430.0,8610000US94304,503945.685279,94304,0.0232558139535,,0.0232558139535
4,,4.0,102.0,8610000US94305,161933.534743,94305,0.0392156862745,,0.0392156862745
141,16.0,125.0,1042.0,8610000US94306,223957.408786,94306,0.135316698656,0.0153550863724,0.119961612284
2,,2.0,,,,94308,,,
1,,1.0,,,,94330,,,
1,,1.0,,,,94335,,,
2,,2.0,,,,94336,,,
1,,1.0,,,,94350,,,
1,,1.0,,,,94365,,,
186,15.0,171.0,1080.0,8610000US94401,80338.4792627,94401,0.172222222222,0.0138888888889,0.158333333333
131,14.0,117.0,1015.0,8610000US94402,209512.692308,94402,0.129064039409,0.0137931034483,0.115270935961
165,22.0,143.0,1138.0,8610000US94403,143671.421868,94403,0.144991212654,0.0193321616872,0.125659050967
134,12.0,122.0,931.0,8610000US94404,151769.66161,94404,0.143931256713,0.0128893662728,0.13104189044
2,,2.0,,,,94405,,,
1,,1.0,,,,94406,,,
1,,1.0,,,,94410,,,
1,1.0,,,,,94412,,,
1,1.0,,,,,94414,,,
2,,2.0,,,,94417,,,
1,,1.0,,,,94418,,,
1,1.0,,,,,94446,,,
1,,1.0,,,,94450,,,
1,,1.0,,,,94451,,,
1,1.0,,,,,94459,,,
1,,1.0,,,,94492,,,
1,,1.0,,,,94494,,,
280,38.0,242.0,1427.0,8610000US94501,81395.7251425,94501,0.196215837421,0.0266292922214,0.1695865452
53,19.0,34.0,263.0,8610000US94502,128579.651163,94502,0.201520912548,0.0722433460076,0.12927756654
71,22.0,49.0,307.0,8610000US94503,65792.5373134,94503,0.231270358306,0.071661237785,0.159609120521
1,,1.0,,,,94504,,,
5,,5.0,104.0,8610000US94505,98345.3957997,94505,0.0480769230769,,0.0480769230769
87,5.0,82.0,452.0,8610000US94506,251370.752089,94506,0.192477876106,0.0110619469027,0.181415929204
57,6.0,51.0,426.0,8610000US94507,311634.759358,94507,0.133802816901,0.0140845070423,0.119718309859
12,,12.0,67.0,8610000US94508,83149.6240602,94508,0.179104477612,,0.179104477612
294,33.0,261.0,929.0,8610000US94509,47334.1840403,94509,0.316469321851,0.0355220667384,0.280947255113
241,51.0,190.0,824.0,8610000US94510,90003.4285714,94510,0.292475728155,0.0618932038835,0.230582524272
20,1.0,19.0,41.0,8610000US94511,,94511,0.487804878049,0.0243902439024,0.463414634146
1,,1.0,8.0,8610000US94512,,94512,0.125,,0.125
258,52.0,206.0,1092.0,8610000US94513,82777.9891304,94513,0.236263736264,0.047619047619,0.188644688645
41,4.0,37.0,76.0,8610000US94514,63141.1764706,94514,0.539473684211,0.0526315789474,0.486842105263
68,10.0,58.0,255.0,8610000US94515,84022.2222222,94515,0.266666666667,0.0392156862745,0.227450980392
1,,1.0,3.0,8610000US94516,,94516,0.333333333333,,0.333333333333
32,2.0,30.0,185.0,8610000US94517,118012.398042,94517,0.172972972973,0.0108108108108,0.162162162162
122,17.0,105.0,443.0,8610000US94518,74064.1825095,94518,0.27539503386,0.038374717833,0.237020316027
71,6.0,65.0,267.0,8610000US94519,63388.7150838,94519,0.265917602996,0.0224719101124,0.243445692884
462,89.0,373.0,1908.0,8610000US94520,45537.699115,94520,0.24213836478,0.0466457023061,0.195492662474
144,8.0,136.0,532.0,8610000US94521,79266.5362035,94521,0.270676691729,0.015037593985,0.255639097744
8,1.0,7.0,7.0,8610000US94522,,94522,1.14285714286,0.142857142857,1.0
195,20.0,175.0,1058.0,8610000US94523,92493.7902753,94523,0.184310018904,0.0189035916824,0.165406427221
5,,5.0,10.0,8610000US94524,,94524,0.5,,0.5
3,2.0,1.0,41.0,8610000US94525,65281.2865497,94525,0.0731707317073,0.0487804878049,0.0243902439024
178,11.0,167.0,1068.0,8610000US94526,183991.844417,94526,0.166666666667,0.0102996254682,0.156367041199
5,1.0,4.0,21.0,8610000US94528,,94528,0.238095238095,0.047619047619,0.190476190476
2,,2.0,3.0,8610000US94529,,94529,0.666666666667,,0.666666666667
112,16.0,96.0,547.0,8610000US94530,88363.1221719,94530,0.204753199269,0.0292504570384,0.17550274223
107,31.0,76.0,403.0,8610000US94531,63138.2722513,94531,0.265508684864,0.0769230769231,0.18858560794
325,71.0,254.0,1259.0,8610000US94533,50164.066416,94533,0.258141382049,0.0563939634631,0.201747418586
94,25.0,69.0,631.0,8610000US94534,91318.8700565,94534,0.148969889065,0.0396196513471,0.109350237718
4,,4.0,62.0,8610000US94535,40199.0430622,94535,0.0645161290323,,0.0645161290323
219,29.0,190.0,949.0,8610000US94536,95994.6115288,94536,0.230769230769,0.0305584826133,0.200210748156
5,1.0,4.0,11.0,8610000US94537,,94537,0.454545454545,0.0909090909091,0.363636363636
611,135.0,476.0,2701.0,8610000US94538,78505.1048005,94538,0.226212513884,0.0499814883377,0.176231025546
291,65.0,226.0,1403.0,8610000US94539,176570.88551,94539,0.207412687099,0.0463292943692,0.16108339273
4,,4.0,7.0,8610000US94540,,94540,0.571428571429,,0.571428571429
269,37.0,232.0,989.0,8610000US94541,51059.7301855,94541,0.271991911021,0.0374115267947,0.234580384226
19,3.0,16.0,108.0,8610000US94542,108024.592834,94542,0.175925925926,0.0277777777778,0.148148148148
1,,1.0,6.0,8610000US94543,,94543,0.166666666667,,0.166666666667
332,73.0,259.0,1105.0,8610000US94544,48286.7789834,94544,0.300452488688,0.0660633484163,0.234389140271
567,181.0,386.0,1613.0,8610000US94545,58147.2477064,94545,0.351518908865,0.112213267204,0.239305641662
178,22.0,156.0,800.0,8610000US94546,74989.6457766,94546,0.2225,0.0275,0.195
78,27.0,51.0,202.0,8610000US94547,75037.0731707,94547,0.386138613861,0.133663366337,0.252475247525
2,,2.0,11.0,8610000US94548,,94548,0.181818181818,,0.181818181818
168,15.0,153.0,1070.0,8610000US94549,240241.830065,94549,0.157009345794,0.0140186915888,0.142990654206
453,119.0,334.0,1280.0,8610000US94550,113966.025361,94550,0.35390625,0.09296875,0.2609375
239,83.0,156.0,1108.0,8610000US94551,82366.3771078,94551,0.215703971119,0.0749097472924,0.140794223827
41,3.0,38.0,178.0,8610000US94552,131229.811867,94552,0.230337078652,0.0168539325843,0.213483146067
269,34.0,235.0,1046.0,8610000US94553,78553.087443,94553,0.257170172084,0.0325047801147,0.224665391969
3,,3.0,,,,94554,,,
60,2.0,58.0,399.0,8610000US94555,112915.147453,94555,0.15037593985,0.00501253132832,0.145363408521
68,9.0,59.0,297.0,8610000US94556,202016.713483,94556,0.228956228956,0.030303030303,0.198653198653
4,1.0,3.0,5.0,8610000US94557,,94557,0.8,0.2,0.6
352,105.0,247.0,1677.0,8610000US94558,81104.0797259,94558,0.209898628503,0.0626118067979,0.147286821705
253,56.0,197.0,1082.0,8610000US94559,67605.8245083,94559,0.233826247689,0.0517560073937,0.182070240296
223,32.0,191.0,1069.0,8610000US94560,69700.2379819,94560,0.208606173994,0.0299345182413,0.178671655753
59,13.0,46.0,332.0,8610000US94561,63709.3325458,94561,0.177710843373,0.039156626506,0.138554216867
45,3.0,42.0,512.0,8610000US94563,282248.501665,94563,0.087890625,0.005859375,0.08203125
73,8.0,65.0,443.0,8610000US94564,64324.0702479,94564,0.164785553047,0.0180586907449,0.146726862302
237,42.0,195.0,842.0,8610000US94565,47037.9683178,94565,0.281472684086,0.0498812351544,0.231591448931
338,68.0,270.0,1436.0,8610000US94566,173730.720235,94566,0.235376044568,0.0473537604457,0.188022284123
2,,2.0,24.0,8610000US94567,65906.6666667,94567,0.0833333333333,,0.0833333333333
277,45.0,232.0,1308.0,8610000US94568,126078.52377,94568,0.211773700306,0.0344036697248,0.177370030581
2,1.0,1.0,10.0,8610000US94569,,94569,0.2,0.1,0.1
1,,1.0,4.0,8610000US94570,,94570,0.25,,0.25
31,1.0,30.0,143.0,8610000US94571,63838.0090498,94571,0.216783216783,0.00699300699301,0.20979020979
27,2.0,25.0,79.0,8610000US94572,54402.6894866,94572,0.341772151899,0.0253164556962,0.316455696203
2,,2.0,48.0,8610000US94573,,94573,0.0416666666667,,0.0416666666667
99,24.0,75.0,562.0,8610000US94574,184033.809524,94574,0.17615658363,0.0427046263345,0.133451957295
3,1.0,2.0,5.0,8610000US94575,,94575,0.6,0.2,0.4
7,1.0,6.0,12.0,8610000US94576,61880.0,94576,0.583333333333,0.0833333333333,0.5
529,103.0,426.0,1723.0,8610000US94577,62490.5972046,94577,0.307022634939,0.0597794544399,0.247243180499
141,13.0,128.0,536.0,8610000US94578,47621.175225,94578,0.263059701493,0.0242537313433,0.238805970149
49,2.0,47.0,198.0,8610000US94579,56150.8490566,94579,0.247474747475,0.010101010101,0.237373737374
58,6.0,52.0,239.0,8610000US94580,54482.0071685,94580,0.242677824268,0.0251046025105,0.217573221757
5,1.0,4.0,17.0,8610000US94581,,94581,0.294117647059,0.0588235294118,0.235294117647
39,,39.0,437.0,8610000US94582,163547.885646,94582,0.0892448512586,,0.0892448512586
313,36.0,277.0,1973.0,8610000US94583,198475.895317,94583,0.158641662443,0.0182463253928,0.14039533705
1,,1.0,,,,94584,,,
101,17.0,84.0,278.0,8610000US94585,53149.0733877,94585,0.363309352518,0.0611510791367,0.302158273381
13,,13.0,38.0,8610000US94586,162532.692308,94586,0.342105263158,,0.342105263158
250,60.0,190.0,1124.0,8610000US94587,72533.6578171,94587,0.222419928826,0.0533807829181,0.169039145907
260,56.0,204.0,1742.0,8610000US94588,139544.600639,94588,0.149253731343,0.0321469575201,0.117106773823
68,11.0,57.0,286.0,8610000US94589,43499.4964029,94589,0.237762237762,0.0384615384615,0.199300699301
182,14.0,168.0,698.0,8610000US94590,42062.5759417,94590,0.260744985673,0.0200573065903,0.240687679083
112,12.0,100.0,498.0,8610000US94591,62848.9634376,94591,0.224899598394,0.0240963855422,0.200803212851
6,2.0,4.0,53.0,8610000US94592,79497.2222222,94592,0.11320754717,0.0377358490566,0.0754716981132
1,1.0,,,,,94593,,,
3,,3.0,,,,94594,,,
43,5.0,38.0,299.0,8610000US94595,109831.763527,94595,0.14381270903,0.0167224080268,0.127090301003
366,48.0,318.0,2098.0,8610000US94596,130268.461538,94596,0.174451858913,0.0228789323165,0.151572926597
73,10.0,63.0,566.0,8610000US94597,100743.75,94597,0.128975265018,0.017667844523,0.111307420495
144,19.0,125.0,886.0,8610000US94598,144758.766716,94598,0.162528216704,0.0214446952596,0.141083521445
16,4.0,12.0,111.0,8610000US94599,97762.9139073,94599,0.144144144144,0.036036036036,0.108108108108
225,29.0,196.0,665.0,8610000US94601,35815.705579,94601,0.338345864662,0.0436090225564,0.294736842105
99,9.0,90.0,423.0,8610000US94602,87564.2163662,94602,0.234042553191,0.0212765957447,0.212765957447
94,23.0,71.0,242.0,8610000US94603,35901.6771488,94603,0.388429752066,0.095041322314,0.293388429752
8,1.0,7.0,6.0,8610000US94604,,94604,1.33333333333,0.166666666667,1.16666666667
147,4.0,143.0,344.0,8610000US94605,60328.0674847,94605,0.427325581395,0.0116279069767,0.415697674419
168,25.0,143.0,549.0,8610000US94606,41715.2807775,94606,0.306010928962,0.0455373406193,0.260473588342
320,70.0,250.0,1405.0,8610000US94607,57436.977492,94607,0.227758007117,0.0498220640569,0.17793594306
309,51.0,258.0,1174.0,8610000US94608,71509.1243111,94608,0.263202725724,0.0434412265758,0.219761499148
168,19.0,149.0,720.0,8610000US94609,61831.7235637,94609,0.233333333333,0.0263888888889,0.206944444444
152,11.0,141.0,704.0,8610000US94610,106033.056478,94610,0.215909090909,0.015625,0.200284090909
172,14.0,158.0,958.0,8610000US94611,186348.709206,94611,0.179540709812,0.0146137787056,0.164926931106
326,48.0,278.0,1765.0,8610000US94612,66473.0138714,94612,0.184702549575,0.0271954674221,0.157507082153
1,,1.0,6.0,8610000US94613,,94613,0.166666666667,,0.166666666667
5,1.0,4.0,1.0,8610000US94614,,94614,5.0,1.0,4.0
1,,1.0,,,,94616,,,
66,9.0,57.0,480.0,8610000US94618,187568.25029,94618,0.1375,0.01875,0.11875
89,11.0,78.0,294.0,8610000US94619,80678.2040816,94619,0.302721088435,0.0374149659864,0.265306122449
1,,1.0,1.0,8610000US94620,,94620,1.0,,1.0
214,52.0,162.0,775.0,8610000US94621,30585.0079745,94621,0.276129032258,0.0670967741935,0.209032258065
5,1.0,4.0,6.0,8610000US94623,,94623,0.833333333333,0.166666666667,0.666666666667
1,,1.0,2.0,8610000US94624,,94624,0.5,,0.5
2,,2.0,,,,94638,,,
1,1.0,,,,,94643,,,
1,,1.0,,,,94644,,,
1,,1.0,,,,94646,,,
1,,1.0,,,,94647,,,
1,,1.0,,,,94659,,,
1,1.0,,,,,94660,,,
1,,1.0,2.0,8610000US94661,,94661,0.5,,0.5
3,,3.0,5.0,8610000US94662,,94662,0.6,,0.6
1,,1.0,,,,94696,,,
1,,1.0,,,,94700,,,
4,2.0,2.0,6.0,8610000US94701,,94701,0.666666666667,0.333333333333,0.333333333333
98,18.0,80.0,395.0,8610000US94702,70734.1216216,94702,0.248101265823,0.0455696202532,0.20253164557
74,16.0,58.0,305.0,8610000US94703,69858.5199611,94703,0.24262295082,0.0524590163934,0.190163934426
167,19.0,148.0,955.0,8610000US94704,54729.1262136,94704,0.174869109948,0.0198952879581,0.15497382199
103,10.0,93.0,551.0,8610000US94705,197604.973118,94705,0.186932849365,0.0181488203267,0.168784029038
104,18.0,86.0,482.0,8610000US94706,89730.1446051,94706,0.215767634855,0.0373443983402,0.178423236515
63,5.0,58.0,373.0,8610000US94707,190133.333333,94707,0.16890080429,0.0134048257373,0.155495978552
17,2.0,15.0,157.0,8610000US94708,188826.271186,94708,0.108280254777,0.0127388535032,0.0955414012739
32,5.0,27.0,321.0,8610000US94709,82071.7996289,94709,0.0996884735202,0.0155763239875,0.0841121495327
226,71.0,155.0,899.0,8610000US94710,77583.5509138,94710,0.251390433815,0.0789766407119,0.172413793103
1,,1.0,,,,94770,,,
98,23.0,75.0,387.0,8610000US94801,44951.3360324,94801,0.25322997416,0.0594315245478,0.193798449612
2,,2.0,13.0,8610000US94802,,94802,0.153846153846,,0.153846153846
78,7.0,71.0,333.0,8610000US94803,65283.5515548,94803,0.234234234234,0.021021021021,0.213213213213
164,42.0,122.0,649.0,8610000US94804,47224.2955875,94804,0.252696456086,0.0647149460709,0.187981510015
48,13.0,35.0,186.0,8610000US94805,57787.5362319,94805,0.258064516129,0.0698924731183,0.188172043011
131,19.0,112.0,733.0,8610000US94806,44955.4243542,94806,0.178717598909,0.0259208731241,0.152796725784
4,,4.0,9.0,8610000US94807,,94807,0.444444444444,,0.444444444444
5,1.0,4.0,3.0,8610000US94808,,94808,1.66666666667,0.333333333333,1.33333333333
1,,1.0,,,,94828,,,
2,1.0,1.0,,,,94838,,,
1,,1.0,,,,94839,,,
2,,2.0,,,,94849,,,
1,,1.0,,,,94852,,,
1,,1.0,,,,94864,,,
1,,1.0,,,,94883,,,
454,92.0,362.0,2041.0,8610000US94901,129917.659033,94901,0.222439980402,0.0450759431651,0.177364037237
1,,1.0,,,,94902,,,
174,33.0,141.0,1122.0,8610000US94903,115698.372881,94903,0.155080213904,0.0294117647059,0.125668449198
55,3.0,52.0,455.0,8610000US94904,335119.966997,94904,0.120879120879,0.00659340659341,0.114285714286
1,1.0,,,,,94905,,,
1,1.0,,,,,94906,,,
1,,1.0,,,,94909,,,
1,,1.0,,,,94910,,,
3,1.0,2.0,9.0,8610000US94912,,94912,0.333333333333,0.111111111111,0.222222222222
1,,1.0,6.0,8610000US94913,,94913,0.166666666667,,0.166666666667
1,,1.0,4.0,8610000US94914,,94914,0.25,,0.25
6,,6.0,7.0,8610000US94915,,94915,0.857142857143,,0.857142857143
1,,1.0,,,,94918,,,
2,,2.0,,,,94919,,,
51,1.0,50.0,368.0,8610000US94920,420152.093802,94920,0.138586956522,0.00271739130435,0.135869565217
2,1.0,1.0,10.0,8610000US94922,64305.0,94922,0.2,0.1,0.1
25,3.0,22.0,52.0,8610000US94923,96720.0,94923,0.480769230769,0.0576923076923,0.423076923077
9,,9.0,48.0,8610000US94924,86550.7936508,94924,0.1875,,0.1875
72,10.0,62.0,512.0,8610000US94925,173807.543103,94925,0.140625,0.01953125,0.12109375
1,1.0,,15.0,8610000US94927,,94927,0.0666666666667,0.0666666666667,
162,25.0,137.0,826.0,8610000US94928,53727.9795396,94928,0.19612590799,0.0302663438257,0.165859564165
33,4.0,29.0,266.0,8610000US94930,98670.8530806,94930,0.124060150376,0.015037593985,0.109022556391
68,20.0,48.0,307.0,8610000US94931,61653.8626609,94931,0.221498371336,0.0651465798046,0.156351791531
4,,4.0,13.0,8610000US94933,,94933,0.307692307692,,0.307692307692
1,,1.0,,,,94936,,,
11,1.0,10.0,35.0,8610000US94937,108966.037736,94937,0.314285714286,0.0285714285714,0.285714285714
45,7.0,38.0,402.0,8610000US94939,232524.456522,94939,0.111940298507,0.0174129353234,0.0945273631841
2,,2.0,12.0,8610000US94940,,94940,0.166666666667,,0.166666666667
155,17.0,138.0,1172.0,8610000US94941,245249.559919,94941,0.132252559727,0.0145051194539,0.117747440273
1,,1.0,19.0,8610000US94942,,94942,0.0526315789474,,0.0526315789474
120,19.0,101.0,731.0,8610000US94945,102721.634062,94945,0.164158686731,0.0259917920657,0.138166894665
3,,3.0,29.0,8610000US94946,291064.285714,94946,0.103448275862,,0.103448275862
84,17.0,67.0,461.0,8610000US94947,94735.1170569,94947,0.182212581345,0.0368763557484,0.145336225597
5,1.0,4.0,33.0,8610000US94948,,94948,0.151515151515,0.030303030303,0.121212121212
142,34.0,108.0,598.0,8610000US94949,105522.774566,94949,0.23745819398,0.056856187291,0.180602006689
15,5.0,10.0,14.0,8610000US94950,,94950,1.07142857143,0.357142857143,0.714285714286
16,2.0,14.0,100.0,8610000US94951,86115.7407407,94951,0.16,0.02,0.14
248,49.0,199.0,1241.0,8610000US94952,82917.3125,94952,0.199838839645,0.0394842868654,0.16035455278
4,1.0,3.0,9.0,8610000US94953,,94953,0.444444444444,0.111111111111,0.333333333333
171,50.0,121.0,935.0,8610000US94954,72884.4248762,94954,0.182887700535,0.0534759358289,0.129411764706
1,,1.0,7.0,8610000US94955,,94955,0.142857142857,,0.142857142857
23,2.0,21.0,85.0,8610000US94956,82075.308642,94956,0.270588235294,0.0235294117647,0.247058823529
3,,3.0,60.0,8610000US94957,,94957,0.05,,0.05
105,10.0,95.0,505.0,8610000US94960,175672.366621,94960,0.207920792079,0.019801980198,0.188118811881
1,,1.0,,,,94962,,,
1,,1.0,16.0,8610000US94963,,94963,0.0625,,0.0625
1,,1.0,9.0,8610000US94964,,94964,0.111111111111,,0.111111111111
113,16.0,97.0,751.0,8610000US94965,164144.535073,94965,0.150466045273,0.0213049267643,0.129161118509
4,1.0,3.0,8.0,8610000US94966,,94966,0.5,0.125,0.375
8,1.0,7.0,29.0,8610000US94970,,94970,0.275862068966,0.0344827586207,0.241379310345
4,1.0,3.0,6.0,8610000US94971,,94971,0.666666666667,0.166666666667,0.5
1,,1.0,9.0,8610000US94972,,94972,0.111111111111,,0.111111111111
3,,3.0,34.0,8610000US94973,,94973,0.0882352941176,,0.0882352941176
1,1.0,,10.0,8610000US94975,,94975,0.1,0.1,
1,,1.0,7.0,8610000US94976,,94976,0.142857142857,,0.142857142857
1,,1.0,1.0,8610000US94977,,94977,1.0,,1.0
1,,1.0,4.0,8610000US94978,,94978,0.25,,0.25
1,,1.0,9.0,8610000US94979,,94979,0.111111111111,,0.111111111111
2,1.0,1.0,,,,94980,,,
1,,1.0,,,,94983,,,
1,,1.0,,,,94997,,,
2,,2.0,13.0,8610000US95001,,95001,0.153846153846,,0.153846153846
18,5.0,13.0,51.0,8610000US95002,,95002,0.352941176471,0.0980392156863,0.254901960784
169,13.0,156.0,628.0,8610000US95003,106261.009574,95003,0.269108280255,0.0207006369427,0.248407643312
1,,1.0,61.0,8610000US95004,72698.4126984,95004,0.016393442623,,0.016393442623
27,3.0,24.0,104.0,8610000US95005,78771.8954248,95005,0.259615384615,0.0288461538462,0.230769230769
36,,36.0,147.0,8610000US95006,83060.4072398,95006,0.244897959184,,0.244897959184
2,,2.0,7.0,8610000US95007,,95007,0.285714285714,,0.285714285714
478,90.0,388.0,2049.0,8610000US95008,106802.870608,95008,0.233284529039,0.0439238653001,0.189360663738
2,,2.0,1.0,8610000US95009,,95009,2.0,,2.0
148,14.0,134.0,545.0,8610000US95010,72893.9736347,95010,0.271559633028,0.0256880733945,0.245871559633
2,,2.0,8.0,8610000US95011,,95011,0.25,,0.25
2,,2.0,150.0,8610000US95012,37665.9405941,95012,0.0133333333333,,0.0133333333333
2,,2.0,8.0,8610000US95013,,95013,0.25,,0.25
229,19.0,210.0,1686.0,8610000US95014,197744.612403,95014,0.135824436536,0.0112692763938,0.124555160142
1,,1.0,14.0,8610000US95017,74034.0909091,95017,0.0714285714286,,0.0714285714286
66,3.0,63.0,178.0,8610000US95018,74707.6726343,95018,0.370786516854,0.0168539325843,0.35393258427
20,,20.0,130.0,8610000US95019,39782.5396825,95019,0.153846153846,,0.153846153846
326,45.0,281.0,1378.0,8610000US95020,76649.8664632,95020,0.236574746009,0.0326560232221,0.203918722787
4,1.0,3.0,11.0,8610000US95021,,95021,0.363636363636,0.0909090909091,0.272727272727
1,,1.0,,,,95022,,,
8,,8.0,824.0,8610000US95023,62947.3103448,95023,0.00970873786408,,0.00970873786408
2,,2.0,9.0,8610000US95024,,95024,0.222222222222,,0.222222222222
4,1.0,3.0,,,,95025,,,
1,,1.0,2.0,8610000US95026,,95026,0.5,,0.5
1,,1.0,,,,95027,,,
144,12.0,132.0,725.0,8610000US95030,369999.535604,95030,0.198620689655,0.0165517241379,0.182068965517
5,,5.0,20.0,8610000US95031,,95031,0.25,,0.25
163,30.0,133.0,1007.0,8610000US95032,226678.45092,95032,0.16186693148,0.0297914597815,0.132075471698
15,1.0,14.0,147.0,8610000US95033,182080.941176,95033,0.102040816327,0.00680272108844,0.0952380952381
1,,1.0,,,,95034,,,
437,74.0,363.0,2169.0,8610000US95035,89834.9746344,95035,0.201475334255,0.0341171046565,0.167358229599
2,,2.0,8.0,8610000US95036,,95036,0.25,,0.25
363,100.0,263.0,1219.0,8610000US95037,107999.131627,95037,0.297785069729,0.0820344544709,0.215750615258
3,,3.0,16.0,8610000US95038,,95038,0.1875,,0.1875
2,1.0,1.0,62.0,8610000US95039,51883.1168831,95039,0.0322580645161,0.0161290322581,0.0161290322581
1,,1.0,,,,95040,,,
2,,2.0,4.0,8610000US95044,,95044,0.5,,0.5
33,4.0,29.0,154.0,8610000US95046,102457.53012,95046,0.214285714286,0.025974025974,0.188311688312
375,60.0,315.0,1533.0,8610000US95050,93789.6834061,95050,0.244618395303,0.0391389432485,0.205479452055
292,24.0,268.0,1189.0,8610000US95051,104587.550348,95051,0.245584524811,0.0201850294365,0.225399495374
8,2.0,6.0,19.0,8610000US95052,,95052,0.421052631579,0.105263157895,0.315789473684
2,,2.0,16.0,8610000US95053,,95053,0.125,,0.125
429,137.0,292.0,1888.0,8610000US95054,146153.679654,95054,0.227224576271,0.072563559322,0.154661016949
1,,1.0,5.0,8610000US95055,,95055,0.2,,0.2
2,,2.0,6.0,8610000US95056,,95056,0.333333333333,,0.333333333333
1,,1.0,,,,95057,,,
510,26.0,484.0,1581.0,8610000US95060,86384.1285297,95060,0.322580645161,0.0164452877925,0.306135357369
6,,6.0,17.0,8610000US95061,,95061,0.352941176471,,0.352941176471
318,19.0,299.0,1012.0,8610000US95062,69552.4915062,95062,0.314229249012,0.0187747035573,0.295454545455
2,,2.0,9.0,8610000US95063,,95063,0.222222222222,,0.222222222222
1,,1.0,8.0,8610000US95064,62327.7777778,95064,0.125,,0.125
61,5.0,56.0,273.0,8610000US95065,96598.4848485,95065,0.223443223443,0.018315018315,0.205128205128
146,10.0,136.0,495.0,8610000US95066,112808.356941,95066,0.294949494949,0.020202020202,0.274747474747
1,,1.0,9.0,8610000US95067,,95067,0.111111111111,,0.111111111111
105,9.0,96.0,778.0,8610000US95070,314218.251928,95070,0.134961439589,0.0115681233933,0.123393316195
124,6.0,118.0,418.0,8610000US95073,87742.9328622,95073,0.296650717703,0.0143540669856,0.282296650718
1,,1.0,14.0,8610000US95075,76664.7058824,95075,0.0714285714286,,0.0714285714286
357,36.0,321.0,1394.0,8610000US95076,49948.0769231,95076,0.256097560976,0.025824964132,0.230272596844
3,2.0,1.0,13.0,8610000US95077,,95077,0.230769230769,0.153846153846,0.0769230769231
1,,1.0,,,,95080,,,
1,,1.0,,,,95086,,,
2,,2.0,,,,95087,,,
1,,1.0,,,,95089,,,
1,,1.0,,,,95100,,,
1,,1.0,6.0,8610000US95101,,95101,0.166666666667,,0.166666666667
2,1.0,1.0,,,,95102,,,
1,,1.0,,,,95104,,,
1,,1.0,2.0,8610000US95106,,95106,0.5,,0.5
1,1.0,,,,,95107,,,
1,,1.0,,,,95108,,,
2,,2.0,3.0,8610000US95109,,95109,0.666666666667,,0.666666666667
187,27.0,160.0,1028.0,8610000US95110,68567.3400673,95110,0.181906614786,0.0262645914397,0.155642023346
191,39.0,152.0,592.0,8610000US95111,44689.0625,95111,0.322635135135,0.0658783783784,0.256756756757
657,174.0,483.0,2204.0,8610000US95112,57933.3059211,95112,0.298094373866,0.0789473684211,0.219147005445
161,16.0,145.0,915.0,8610000US95113,119238.52459,95113,0.175956284153,0.0174863387978,0.158469945355
2,1.0,1.0,2.0,8610000US95115,,95115,1.0,0.5,0.5
128,20.0,108.0,638.0,8610000US95116,39647.533828,95116,0.200626959248,0.0313479623824,0.169278996865
50,3.0,47.0,349.0,8610000US95117,75588.8017118,95117,0.143266475645,0.00859598853868,0.134670487106
102,8.0,94.0,576.0,8610000US95118,92490.8083442,95118,0.177083333333,0.0138888888889,0.163194444444
70,21.0,49.0,349.0,8610000US95119,89109.3360996,95119,0.200573065903,0.0601719197708,0.140401146132
96,1.0,95.0,511.0,8610000US95120,188718.392134,95120,0.187866927593,0.00195694716243,0.185909980431
88,10.0,78.0,423.0,8610000US95121,61686.0632982,95121,0.208037825059,0.0236406619385,0.184397163121
151,13.0,138.0,852.0,8610000US95122,37609.1836735,95122,0.177230046948,0.0152582159624,0.161971830986
170,5.0,165.0,1046.0,8610000US95123,79612.4635804,95123,0.162523900574,0.00478011472275,0.157743785851
164,15.0,149.0,1018.0,8610000US95124,124499.955556,95124,0.161100196464,0.0147347740668,0.146365422397
315,36.0,279.0,1380.0,8610000US95125,138497.746145,95125,0.228260869565,0.0260869565217,0.202173913043
240,42.0,198.0,1037.0,8610000US95126,95220.8624709,95126,0.23143683703,0.0405014464802,0.19093539055
88,7.0,81.0,552.0,8610000US95127,56958.8296041,95127,0.159420289855,0.0126811594203,0.146739130435
250,36.0,214.0,1201.0,8610000US95128,84011.5654206,95128,0.208159866778,0.029975020816,0.178184845962
202,21.0,181.0,1041.0,8610000US95129,138553.53139,95129,0.19404418828,0.0201729106628,0.173871277618
22,2.0,20.0,160.0,8610000US95130,100750.0,95130,0.1375,0.0125,0.125
445,139.0,306.0,1368.0,8610000US95131,90573.2044199,95131,0.325292397661,0.101608187135,0.223684210526
70,5.0,65.0,377.0,8610000US95132,80261.2493652,95132,0.185676392573,0.0132625994695,0.172413793103
108,23.0,85.0,388.0,8610000US95133,66158.9383294,95133,0.278350515464,0.0592783505155,0.219072164948
59,7.0,52.0,612.0,8610000US95134,118854.163015,95134,0.0964052287582,0.0114379084967,0.0849673202614
46,6.0,40.0,246.0,8610000US95135,141646.00639,95135,0.186991869919,0.0243902439024,0.162601626016
95,3.0,92.0,441.0,8610000US95136,80900.4692633,95136,0.215419501134,0.00680272108844,0.208616780045
2,1.0,1.0,,,,95137,,,
74,34.0,40.0,325.0,8610000US95138,181809.080189,95138,0.227692307692,0.104615384615,0.123076923077
11,,11.0,77.0,8610000US95139,92631.1728395,95139,0.142857142857,,0.142857142857
6,2.0,4.0,15.0,8610000US95140,134261.111111,95140,0.4,0.133333333333,0.266666666667
69,1.0,68.0,402.0,8610000US95148,77329.1571754,95148,0.171641791045,0.00248756218905,0.169154228856
2,,2.0,13.0,8610000US95150,,95150,0.153846153846,,0.153846153846
1,,1.0,5.0,8610000US95151,,95151,0.2,,0.2
1,,1.0,2.0,8610000US95152,,95152,0.5,,0.5
1,1.0,,7.0,8610000US95153,,95153,0.142857142857,0.142857142857,
2,,2.0,9.0,8610000US95154,,95154,0.222222222222,,0.222222222222
3,,3.0,3.0,8610000US95157,,95157,1.0,,1.0
1,,1.0,4.0,8610000US95158,,95158,0.25,,0.25
1,,1.0,8.0,8610000US95159,,95159,0.125,,0.125
3,,3.0,7.0,8610000US95160,,95160,0.428571428571,,0.428571428571
3,,3.0,9.0,8610000US95161,,95161,0.333333333333,,0.333333333333
2,,2.0,20.0,8610000US95164,,95164,0.1,,0.1
1,,1.0,3.0,8610000US95170,,95170,0.333333333333,,0.333333333333
1,,1.0,,,,95172,,,
1,,1.0,,,,95181,,,
1,,1.0,33.0,8610000US95201,,95201,0.030303030303,,0.030303030303
1,,1.0,305.0,8610000US95203,37000.1760563,95203,0.00327868852459,,0.00327868852459
1,,1.0,413.0,8610000US95204,47873.5294118,95204,0.00242130750605,,0.00242130750605
2,2.0,,666.0,8610000US95205,28140.8296943,95205,0.003003003003,0.003003003003,
1,,1.0,214.0,8610000US95212,59988.0952381,95212,0.00467289719626,,0.00467289719626
2,,2.0,473.0,8610000US95219,89471.6503268,95219,0.00422832980973,,0.00422832980973
1,,1.0,1086.0,8610000US95240,47903.6015757,95240,0.000920810313076,,0.000920810313076
2,1.0,1.0,476.0,8610000US95242,70889.6969697,95242,0.00420168067227,0.00210084033613,0.00210084033613
3,1.0,2.0,456.0,8610000US95304,80743.2637571,95304,0.00657894736842,0.00219298245614,0.00438596491228
1,,1.0,34.0,8610000US95310,51492.3076923,95310,0.0294117647059,,0.0294117647059
1,,1.0,269.0,8610000US95330,51826.3466042,95330,0.00371747211896,,0.00371747211896
1,,1.0,,,,95331,,,
1,,1.0,759.0,8610000US95336,54661.5035318,95336,0.00131752305665,,0.00131752305665
1,,1.0,437.0,8610000US95337,60611.6391185,95337,0.00228832951945,,0.00228832951945
1,1.0,,162.0,8610000US95341,31200.6392694,95341,0.00617283950617,0.00617283950617,
1,,1.0,639.0,8610000US95351,30845.3250774,95351,0.00156494522692,,0.00156494522692
1,,1.0,740.0,8610000US95355,59784.52237,95355,0.00135135135135,,0.00135135135135
1,,1.0,930.0,8610000US95356,80206.4421669,95356,0.0010752688172,,0.0010752688172
1,,1.0,179.0,8610000US95357,62516.7883212,95357,0.00558659217877,,0.00558659217877
1,,1.0,107.0,8610000US95360,43194.1666667,95360,0.00934579439252,,0.00934579439252
3,,3.0,610.0,8610000US95361,66615.6776557,95361,0.00491803278689,,0.00491803278689
1,,1.0,230.0,8610000US95367,50157.1865443,95367,0.00434782608696,,0.00434782608696
1,,1.0,150.0,8610000US95368,51743.2835821,95368,0.00666666666667,,0.00666666666667
8,3.0,5.0,887.0,8610000US95376,52031.2883436,95376,0.00901916572717,0.00338218714769,0.00563697857948
7,,7.0,297.0,8610000US95377,71341.4576803,95377,0.023569023569,,0.023569023569
1,,1.0,1046.0,8610000US95380,43143.0107527,95380,0.000956022944551,,0.000956022944551
1,,1.0,72.0,8610000US95391,94369.1011236,95391,0.0138888888889,,0.0138888888889
274,39.0,235.0,1219.0,8610000US95401,54102.8103044,95401,0.22477440525,0.0319934372436,0.192780968007
22,4.0,18.0,40.0,8610000US95402,,95402,0.55,0.1,0.45
303,52.0,251.0,1439.0,8610000US95403,69070.2767176,95403,0.210562890896,0.0361362056984,0.174426685198
241,30.0,211.0,1152.0,8610000US95404,88163.2268203,95404,0.209201388889,0.0260416666667,0.183159722222
132,15.0,117.0,687.0,8610000US95405,75823.5765125,95405,0.192139737991,0.0218340611354,0.170305676856
6,,6.0,22.0,8610000US95406,,95406,0.272727272727,,0.272727272727
245,44.0,201.0,918.0,8610000US95407,41542.318675,95407,0.26688453159,0.0479302832244,0.218954248366
2,,2.0,,,,95408,,,
55,6.0,49.0,366.0,8610000US95409,82875.7132407,95409,0.150273224044,0.016393442623,0.133879781421
6,,6.0,20.0,8610000US95410,57393.0232558,95410,0.3,,0.3
1,,1.0,,,,95411,,,
1,,1.0,,,,95414,,,
7,1.0,6.0,45.0,8610000US95415,46878.5714286,95415,0.155555555556,0.0222222222222,0.133333333333
1,,1.0,9.0,8610000US95416,,95416,0.111111111111,,0.111111111111
1,,1.0,2.0,8610000US95419,,95419,0.5,,0.5
3,,3.0,10.0,8610000US95420,,95420,0.3,,0.3
13,1.0,12.0,39.0,8610000US95421,58488.5245902,95421,0.333333333333,0.025641025641,0.307692307692
44,3.0,41.0,190.0,8610000US95422,30048.853211,95422,0.231578947368,0.0157894736842,0.215789473684
12,,12.0,32.0,8610000US95423,37504.9586777,95423,0.375,,0.375
3,,3.0,3.0,8610000US95424,,95424,1.0,,1.0
53,9.0,44.0,225.0,8610000US95425,60713.6904762,95425,0.235555555556,0.04,0.195555555556
3,,3.0,25.0,8610000US95426,,95426,0.12,,0.12
3,1.0,2.0,31.0,8610000US95428,34709.2105263,95428,0.0967741935484,0.0322580645161,0.0645161290323
3,,3.0,13.0,8610000US95430,,95430,0.230769230769,,0.230769230769
6,,6.0,20.0,8610000US95432,52900.0,95432,0.3,,0.3
4,,4.0,5.0,8610000US95433,,95433,0.8,,0.8
1,,1.0,7.0,8610000US95435,,95435,0.142857142857,,0.142857142857
18,3.0,15.0,94.0,8610000US95436,66479.4223827,95436,0.191489361702,0.031914893617,0.159574468085
100,12.0,88.0,472.0,8610000US95437,45871.9492868,95437,0.21186440678,0.0254237288136,0.186440677966
4,,4.0,,,,95438,,,
4,1.0,3.0,27.0,8610000US95439,64535.5555556,95439,0.148148148148,0.037037037037,0.111111111111
1,,1.0,,,,95440,,,
10,3.0,7.0,75.0,8610000US95441,71451.6666667,95441,0.133333333333,0.04,0.0933333333333
22,4.0,18.0,104.0,8610000US95442,121717.575758,95442,0.211538461538,0.0384615384615,0.173076923077
2,,2.0,4.0,8610000US95443,,95443,0.5,,0.5
10,,10.0,21.0,8610000US95444,73585.915493,95444,0.47619047619,,0.47619047619
19,1.0,18.0,102.0,8610000US95445,65396.3768116,95445,0.186274509804,0.00980392156863,0.176470588235
45,6.0,39.0,106.0,8610000US95446,52552.1008403,95446,0.424528301887,0.0566037735849,0.367924528302
164,22.0,142.0,762.0,8610000US95448,93636.9738339,95448,0.215223097113,0.0288713910761,0.186351706037
11,4.0,7.0,33.0,8610000US95449,47724.2857143,95449,0.333333333333,0.121212121212,0.212121212121
6,,6.0,18.0,8610000US95450,87444.4444444,95450,0.333333333333,,0.333333333333
19,2.0,17.0,144.0,8610000US95451,49757.5342466,95451,0.131944444444,0.0138888888889,0.118055555556
10,1.0,9.0,55.0,8610000US95452,176757.647059,95452,0.181818181818,0.0181818181818,0.163636363636
47,6.0,41.0,351.0,8610000US95453,51892.3245614,95453,0.133903133903,0.017094017094,0.116809116809
5,1.0,4.0,54.0,8610000US95454,36028.2608696,95454,0.0925925925926,0.0185185185185,0.0740740740741
18,3.0,15.0,19.0,8610000US95456,52696.969697,95456,0.947368421053,0.157894736842,0.789473684211
9,,9.0,64.0,8610000US95457,45548.2269504,95457,0.140625,,0.140625
3,2.0,1.0,18.0,8610000US95458,36832.9545455,95458,0.166666666667,0.111111111111,0.0555555555556
3,1.0,2.0,9.0,8610000US95459,48938.0952381,95459,0.333333333333,0.111111111111,0.222222222222
44,7.0,37.0,135.0,8610000US95460,67731.6901408,95460,0.325925925926,0.0518518518519,0.274074074074
29,3.0,26.0,110.0,8610000US95461,45902.3391813,95461,0.263636363636,0.0272727272727,0.236363636364
12,3.0,9.0,25.0,8610000US95462,53754.9019608,95462,0.48,0.12,0.36
6,1.0,5.0,22.0,8610000US95464,32450.6329114,95464,0.272727272727,0.0454545454545,0.227272727273
4,2.0,2.0,51.0,8610000US95465,74164.7058824,95465,0.078431372549,0.0392156862745,0.0392156862745
7,1.0,6.0,41.0,8610000US95466,52871.1864407,95466,0.170731707317,0.0243902439024,0.146341463415
4,,4.0,47.0,8610000US95467,64118.5185185,95467,0.0851063829787,,0.0851063829787
3,,3.0,37.0,8610000US95468,39434.9206349,95468,0.0810810810811,,0.0810810810811
2,,2.0,25.0,8610000US95469,55783.3333333,95469,0.08,,0.08
4,1.0,3.0,91.0,8610000US95470,56434.9019608,95470,0.043956043956,0.010989010989,0.032967032967
163,26.0,137.0,903.0,8610000US95472,81969.1376702,95472,0.180509413068,0.0287929125138,0.151716500554
4,,4.0,23.0,8610000US95473,,95473,0.173913043478,,0.173913043478
1,,1.0,,,,95474,,,
164,22.0,142.0,1165.0,8610000US95476,93283.2697201,95476,0.140772532189,0.0188841201717,0.121888412017
1,,1.0,2.0,8610000US95480,,95480,0.5,,0.5
117,13.0,104.0,987.0,8610000US95482,50688.7509697,95482,0.118541033435,0.0131712259372,0.105369807497
10,1.0,9.0,34.0,8610000US95485,38433.6734694,95485,0.294117647059,0.0294117647059,0.264705882353
1,1.0,,2.0,8610000US95487,,95487,0.5,0.5,
7,2.0,5.0,8.0,8610000US95488,,95488,0.875,0.25,0.625
2,1.0,1.0,,,,95489,,,
39,3.0,36.0,292.0,8610000US95490,43921.5238095,95490,0.133561643836,0.0102739726027,0.123287671233
129,22.0,107.0,559.0,8610000US95492,73662.4816446,95492,0.230769230769,0.0393559928444,0.191413237925
5,,5.0,7.0,8610000US95494,78763.6363636,95494,0.714285714286,,0.714285714286
1,1.0,,,,,95496,,,
4,1.0,3.0,24.0,8610000US95497,,95497,0.166666666667,0.0416666666667,0.125
1,,1.0,,,,95498,,,
246,27.0,219.0,1015.0,8610000US95501,41064.9438202,95501,0.24236453202,0.0266009852217,0.215763546798
3,1.0,2.0,21.0,8610000US95502,,95502,0.142857142857,0.047619047619,0.0952380952381
48,8.0,40.0,323.0,8610000US95503,54392.0168067,95503,0.148606811146,0.0247678018576,0.123839009288
2,1.0,1.0,,,,95512,,,
5,,5.0,11.0,8610000US95518,,95518,0.454545454545,,0.454545454545
37,6.0,31.0,227.0,8610000US95519,53919.8125837,95519,0.162995594714,0.0264317180617,0.136563876652
181,18.0,163.0,616.0,8610000US95521,41567.3360107,95521,0.293831168831,0.0292207792208,0.26461038961
5,,5.0,26.0,8610000US95524,86106.25,95524,0.192307692308,,0.192307692308
15,1.0,14.0,27.0,8610000US95525,47833.7349398,95525,0.555555555556,0.037037037037,0.518518518519
6,1.0,5.0,9.0,8610000US95526,38656.25,95526,0.666666666667,0.111111111111,0.555555555556
4,,4.0,14.0,8610000US95528,48302.7777778,95528,0.285714285714,,0.285714285714
56,6.0,50.0,384.0,8610000US95531,46990.8122503,95531,0.145833333333,0.015625,0.130208333333
1,,1.0,1.0,8610000US95534,,95534,1.0,,1.0
32,4.0,28.0,71.0,8610000US95536,56509.5238095,95536,0.450704225352,0.056338028169,0.394366197183
1,1.0,,3.0,8610000US95537,,95537,0.333333333333,0.333333333333,
2,,2.0,2.0,8610000US95538,,95538,1.0,,1.0
76,12.0,64.0,302.0,8610000US95540,51390.4936015,95540,0.251655629139,0.0397350993377,0.211920529801
19,1.0,18.0,99.0,8610000US95542,51278.6516854,95542,0.191919191919,0.010101010101,0.181818181818
2,,2.0,6.0,8610000US95543,50755.1724138,95543,0.333333333333,,0.333333333333
3,,3.0,13.0,8610000US95547,59910.7142857,95547,0.230769230769,,0.230769230769
3,1.0,2.0,12.0,8610000US95548,32708.8235294,95548,0.25,0.0833333333333,0.166666666667
2,,2.0,10.0,8610000US95549,69240.625,95549,0.2,,0.2
5,,5.0,21.0,8610000US95551,54461.2903226,95551,0.238095238095,,0.238095238095
2,1.0,1.0,8.0,8610000US95553,,95553,0.25,0.125,0.125
3,1.0,2.0,7.0,8610000US95554,30012.5,95554,0.428571428571,0.142857142857,0.285714285714
3,,3.0,11.0,8610000US95555,,95555,0.272727272727,,0.272727272727
2,1.0,1.0,6.0,8610000US95556,,95556,0.333333333333,0.166666666667,0.166666666667
3,,3.0,10.0,8610000US95558,39153.3333333,95558,0.3,,0.3
1,,1.0,4.0,8610000US95559,,95559,0.25,,0.25
12,1.0,11.0,70.0,8610000US95560,37889.0909091,95560,0.171428571429,0.0142857142857,0.157142857143
6,,6.0,34.0,8610000US95562,37584.0707965,95562,0.176470588235,,0.176470588235
1,,1.0,14.0,8610000US95564,29931.5789474,95564,0.0714285714286,,0.0714285714286
3,,3.0,10.0,8610000US95565,36326.1904762,95565,0.3,,0.3
3,1.0,2.0,19.0,8610000US95567,45656.8181818,95567,0.157894736842,0.0526315789474,0.105263157895
2,1.0,1.0,3.0,8610000US95569,,95569,0.666666666667,0.333333333333,0.333333333333
9,2.0,7.0,50.0,8610000US95570,57050.4424779,95570,0.18,0.04,0.14
1,,1.0,3.0,8610000US95571,,95571,0.333333333333,,0.333333333333
8,2.0,6.0,45.0,8610000US95573,48705.4054054,95573,0.177777777778,0.0444444444444,0.133333333333
1,,1.0,,,,95584,,,
2,1.0,1.0,6.0,8610000US95585,24269.2307692,95585,0.333333333333,0.166666666667,0.166666666667
2,,2.0,4.0,8610000US95587,,95587,0.5,,0.5
11,3.0,8.0,27.0,8610000US95589,39097.826087,95589,0.407407407407,0.111111111111,0.296296296296
2,,2.0,9.0,8610000US95601,,95601,0.222222222222,,0.222222222222
2,,2.0,423.0,8610000US95602,80820.25,95602,0.00472813238771,,0.00472813238771
2,,2.0,1108.0,8610000US95603,71132.4918567,95603,0.00180505415162,,0.00180505415162
1,,1.0,39.0,8610000US95604,,95604,0.025641025641,,0.025641025641
1,1.0,,239.0,8610000US95605,40343.3085502,95605,0.00418410041841,0.00418410041841,
2,1.0,1.0,1010.0,8610000US95608,72925.8883249,95608,0.0019801980198,0.000990099009901,0.000990099009901
1,,1.0,14.0,8610000US95609,,95609,0.0714285714286,,0.0714285714286
1,,1.0,895.0,8610000US95610,46415.3144503,95610,0.00111731843575,,0.00111731843575
1,,1.0,10.0,8610000US95611,,95611,0.1,,0.1
1,,1.0,26.0,8610000US95612,119472.307692,95612,0.0384615384615,,0.0384615384615
1,,1.0,9.0,8610000US95615,50576.1904762,95615,0.111111111111,,0.111111111111
17,1.0,16.0,1007.0,8610000US95616,85798.177247,95616,0.0168818272095,0.000993048659384,0.0158887785501
2,,2.0,315.0,8610000US95618,105108.065995,95618,0.00634920634921,,0.00634920634921
1,,1.0,153.0,8610000US95619,52192.3076923,95619,0.00653594771242,,0.00653594771242
105,27.0,78.0,361.0,8610000US95620,61624.9471459,95620,0.290858725762,0.0747922437673,0.216066481994
1,,1.0,367.0,8610000US95621,45579.4416244,95621,0.00272479564033,,0.00272479564033
2,,2.0,6.0,8610000US95625,,95625,0.333333333333,,0.333333333333
1,,1.0,46.0,8610000US95626,52185.440613,95626,0.0217391304348,,0.0217391304348
2,,2.0,10.0,8610000US95629,61895.2380952,95629,0.2,,0.2
1,,1.0,7.0,8610000US95636,54294.7368421,95636,0.142857142857,,0.142857142857
1,,1.0,351.0,8610000US95642,62642.5655977,95642,0.002849002849,,0.002849002849
5,1.0,4.0,487.0,8610000US95660,32544.7530864,95660,0.0102669404517,0.00205338809035,0.0082135523614
1,1.0,,1695.0,8610000US95661,82076.0193504,95661,0.000589970501475,0.000589970501475,
1,,1.0,894.0,8610000US95667,63119.9754149,95667,0.00111856823266,,0.00111856823266
3,,3.0,17.0,8610000US95668,68716.6666667,95668,0.176470588235,,0.176470588235
2,1.0,1.0,1240.0,8610000US95670,56119.4387963,95670,0.00161290322581,0.000806451612903,0.000806451612903
1,,1.0,173.0,8610000US95673,44645.9293395,95673,0.00578034682081,,0.00578034682081
2,1.0,1.0,739.0,8610000US95677,71268.4745763,95677,0.00270635994587,0.00135317997294,0.00135317997294
2,,2.0,693.0,8610000US95682,79133.7159254,95682,0.002886002886,,0.002886002886
1,,1.0,38.0,8610000US95684,59832.173913,95684,0.0263157894737,,0.0263157894737
2,,2.0,10.0,8610000US95686,,95686,0.2,,0.2
164,37.0,127.0,769.0,8610000US95687,61912.4370956,95687,0.213263979194,0.0481144343303,0.165149544863
234,40.0,194.0,935.0,8610000US95688,76331.2014345,95688,0.250267379679,0.0427807486631,0.207486631016
4,,4.0,954.0,8610000US95691,62651.0835913,95691,0.0041928721174,,0.0041928721174
1,,1.0,50.0,8610000US95692,58492.9292929,95692,0.02,,0.02
1,,1.0,85.0,8610000US95693,94875.0,95693,0.0117647058824,,0.0117647058824
2,,2.0,154.0,8610000US95694,64395.4751131,95694,0.012987012987,,0.012987012987
2,,2.0,698.0,8610000US95695,59519.9144777,95695,0.00286532951289,,0.00286532951289
4,,4.0,18.0,8610000US95696,,95696,0.222222222222,,0.222222222222
1,,1.0,7.0,8610000US95698,,95698,0.142857142857,,0.142857142857
1,,1.0,21.0,8610000US95703,63673.1707317,95703,0.047619047619,,0.047619047619
1,,1.0,,,,95707,,,
1,,1.0,5.0,8610000US95724,,95724,0.2,,0.2
1,,1.0,103.0,8610000US95726,57104.6831956,95726,0.00970873786408,,0.00970873786408
1,,1.0,,,,95730,,,
1,,1.0,907.0,8610000US95758,63852.3344191,95758,0.00110253583241,,0.00110253583241
1,,1.0,,,,95773,,,
1,1.0,,1697.0,8610000US95814,60594.2446043,95814,0.000589275191514,0.000589275191514,
1,1.0,,1066.0,8610000US95815,32474.2508324,95815,0.00093808630394,0.00093808630394,
2,,2.0,875.0,8610000US95816,69216.407767,95816,0.00228571428571,,0.00228571428571
1,1.0,,503.0,8610000US95818,88582.0952381,95818,0.00198807157058,0.00198807157058,
1,,1.0,727.0,8610000US95821,51732.7731092,95821,0.00137551581843,,0.00137551581843
1,,1.0,1656.0,8610000US95825,45902.4776325,95825,0.0006038647343,,0.0006038647343
1,,1.0,709.0,8610000US95828,37099.3770764,95828,0.00141043723554,,0.00141043723554
1,,1.0,274.0,8610000US95829,63033.4146341,95829,0.0036496350365,,0.0036496350365
1,,1.0,449.0,8610000US95831,75556.1585654,95831,0.0022271714922,,0.0022271714922
1,,1.0,,,,95887,,,
1,,1.0,,,,95896,,,
3,,3.0,,,,95899,,,
1,,1.0,4.0,8610000US95920,90500.0,95920,0.25,,0.25
1,,1.0,1204.0,8610000US95928,63007.5618375,95928,0.000830564784053,,0.000830564784053
1,,1.0,4.0,8610000US95930,,95930,0.25,,0.25
1,,1.0,,,,95933,,,
1,,1.0,14.0,8610000US95937,,95937,0.0714285714286,,0.0714285714286
1,,1.0,970.0,8610000US95945,51168.2862191,95945,0.00103092783505,,0.00103092783505
1,,1.0,139.0,8610000US95946,68910.816777,95946,0.00719424460432,,0.00719424460432
1,,1.0,316.0,8610000US95949,64879.1714614,95949,0.00316455696203,,0.00316455696203
3,2.0,1.0,12.0,8610000US95951,,95951,0.25,0.166666666667,0.0833333333333
6,2.0,4.0,75.0,8610000US95954,42894.7727273,95954,0.08,0.0266666666667,0.0533333333333
1,,1.0,478.0,8610000US95959,71044.9939686,95959,0.00209205020921,,0.00209205020921
1,,1.0,30.0,8610000US95962,50281.25,95962,0.0333333333333,,0.0333333333333
1,,1.0,555.0,8610000US95969,50175.8364312,95969,0.0018018018018,,0.0018018018018
1,,1.0,1128.0,8610000US96001,60938.7215283,96001,0.000886524822695,,0.000886524822695
1,,1.0,914.0,8610000US96003,51362.1012101,96003,0.00109409190372,,0.00109409190372
1,,1.0,97.0,8610000US96019,39041.2868633,96019,0.0103092783505,,0.0103092783505
1,,1.0,107.0,8610000US96020,50212.8205128,96020,0.00934579439252,,0.00934579439252
1,,1.0,10.0,8610000US96048,45184.0,96048,0.1,,0.1
1,,1.0,2.0,8610000US96050,40961.5384615,96050,0.5,,0.5
1,,1.0,20.0,8610000US96051,50922.2222222,96051,0.05,,0.05
2,,2.0,12.0,8610000US96062,71161.7021277,96062,0.166666666667,,0.166666666667
1,,1.0,3.0,8610000US96065,46657.1428571,96065,0.333333333333,,0.333333333333
1,,1.0,,,,96075,,,
1,,1.0,1.0,8610000US96090,,96090,1.0,,1.0
1,,1.0,92.0,8610000US96122,44782.0512821,96122,0.0108695652174,,0.0108695652174
1,,1.0,4.0,8610000US96128,59500.0,96128,0.25,,0.25
1,,1.0,66.0,8610000US96148,,96148,0.0151515151515,,0.0151515151515
1,,1.0,872.0,8610000US96150,47865.1655629,96150,0.00114678899083,,0.00114678899083
1,,1.0,830.0,8610000US96161,93823.5067437,96161,0.00120481927711,,0.00120481927711
1,,1.0,,,,96472,,,
1,,1.0,,,,96590,,,
1,,1.0,25.0,8610000US97117,53457.6923077,97117,0.04,,0.04
1,,1.0,1337.0,8610000US97202,70895.9173871,97202,0.00074794315632,,0.00074794315632
1,,1.0,,,,97566,,,
1,,1.0,2.0,8610000US97621,,97621,0.5,,0.5
1,,1.0,2.0,8610000US98062,,98062,0.5,,0.5
1,,1.0,906.0,8610000US98110,145061.188811,98110,0.00110375275938,,0.00110375275938
1,,1.0,639.0,8610000US98112,235748.323794,98112,0.00156494522692,,0.00156494522692
1,,1.0,1053.0,8610000US98125,68721.7730151,98125,0.000949667616334,,0.000949667616334
1,,1.0,,,,98319,,,
1,,1.0,598.0,8610000US98512,62384.7058824,98512,0.00167224080268,,0.00167224080268
1,,1.0,532.0,8610000US98903,52411.4925373,98903,0.00187969924812,,0.00187969924812
1,,1.0,,,,99132,,,
1,,1.0,574.0,8610000US99223,83064.0796703,99223,0.00174216027875,,0.00174216027875
1,,1.0,1379.0,8610000US99501,71683.9053254,99501,0.000725163161711,,0.000725163161711
