PassengerId,Survived,Pclass,Sex,Age,SibSp,Parch,Ticket,Fare,Cabin,Embarked,Name_Len,Name_Title,Age_Null_Flag,mean
1,0,3,male,22.0,1,0,A/5 21171,7.25,,S,23,Mr.,0,28.7248908297
2,1,1,female,38.0,1,0,PC 17599,71.2833,C85,C,51,Mrs.,0,40.8823529412
3,1,3,female,26.0,0,0,STON/O2. 3101282,7.925,,S,22,Miss.,0,16.1231884058
4,1,1,female,35.0,1,0,113803,53.1,C123,S,44,Mrs.,0,40.8823529412
5,0,3,male,35.0,0,0,373450,8.05,,S,24,Mr.,0,28.7248908297
6,0,3,male,28.7248908297,0,0,330877,8.4583,,Q,16,Mr.,1,28.7248908297
7,0,1,male,54.0,0,0,17463,51.8625,E46,S,23,Mr.,0,41.5804597701
8,0,3,male,2.0,3,1,349909,21.075,,S,30,Master.,0,5.35083333333
9,1,3,female,27.0,0,2,347742,11.1333,,S,49,Mrs.,0,33.5151515152
10,1,2,female,14.0,1,0,237736,30.0708,,C,35,Mrs.,0,33.6829268293
11,1,3,female,4.0,1,1,PP 9549,16.7,G6,S,31,Miss.,0,16.1231884058
12,1,1,female,58.0,0,0,113783,26.55,C103,S,24,Miss.,0,30.0
13,0,3,male,20.0,0,0,A/5. 2151,8.05,,S,30,Mr.,0,28.7248908297
14,0,3,male,39.0,1,5,347082,31.275,,S,27,Mr.,0,28.7248908297
15,0,3,female,14.0,0,0,350406,7.8542,,S,36,Miss.,0,16.1231884058
16,1,2,female,55.0,0,0,248706,16.0,,S,32,Mrs.,0,33.6829268293
17,0,3,male,2.0,4,1,382652,29.125,,Q,20,Master.,0,5.35083333333
18,1,2,male,32.7682926829,0,0,244373,13.0,,S,28,Mr.,1,32.7682926829
19,0,3,female,31.0,1,0,345763,18.0,,S,55,Mrs.,0,33.5151515152
20,1,3,female,33.5151515152,0,0,2649,7.225,,C,23,Mrs.,1,33.5151515152
21,0,2,male,35.0,0,0,239865,26.0,,S,20,Mr.,0,32.7682926829
22,1,2,male,34.0,0,0,248698,13.0,D56,S,21,Mr.,0,32.7682926829
23,1,3,female,15.0,0,0,330923,8.0292,,Q,27,Miss.,0,16.1231884058
24,1,1,male,28.0,0,0,113788,35.5,A6,S,28,Mr.,0,41.5804597701
25,0,3,female,8.0,3,1,349909,21.075,,S,29,Miss.,0,16.1231884058
26,1,3,female,38.0,1,5,347077,31.3875,,S,57,Mrs.,0,33.5151515152
27,0,3,male,28.7248908297,0,0,2631,7.225,,C,23,Mr.,1,28.7248908297
28,0,1,male,19.0,3,2,19950,263.0,C23 C25 C27,S,30,Mr.,0,41.5804597701
29,1,3,female,16.1231884058,0,0,330959,7.8792,,Q,29,Miss.,1,16.1231884058
30,0,3,male,28.7248908297,0,0,349216,7.8958,,S,19,Mr.,1,28.7248908297
31,0,1,male,40.0,0,0,PC 17601,27.7208,,C,24,Don.,0,40.0
32,1,1,female,40.8823529412,1,0,PC 17569,146.5208,B78,C,46,Mrs.,1,40.8823529412
33,1,3,female,16.1231884058,0,0,335677,7.75,,Q,24,Miss.,1,16.1231884058
34,0,2,male,66.0,0,0,C.A. 24579,10.5,,S,21,Mr.,0,32.7682926829
35,0,1,male,28.0,1,0,PC 17604,82.1708,,C,23,Mr.,0,41.5804597701
36,0,1,male,42.0,1,0,113789,52.0,,S,30,Mr.,0,41.5804597701
37,1,3,male,28.7248908297,0,0,2677,7.2292,,C,16,Mr.,1,28.7248908297
38,0,3,male,21.0,0,0,A./5. 2152,8.05,,S,24,Mr.,0,28.7248908297
39,0,3,female,18.0,2,0,345764,18.0,,S,34,Miss.,0,16.1231884058
40,1,3,female,14.0,1,0,2651,11.2417,,C,27,Miss.,0,16.1231884058
41,0,3,female,40.0,1,0,7546,9.475,,S,46,Mrs.,0,33.5151515152
42,0,2,female,27.0,1,0,11668,21.0,,S,56,Mrs.,0,33.6829268293
43,0,3,male,28.7248908297,0,0,349253,7.8958,,C,19,Mr.,1,28.7248908297
44,1,2,female,3.0,1,2,SC/Paris 2123,41.5792,,C,40,Miss.,0,22.390625
45,1,3,female,19.0,0,0,330958,7.8792,,Q,29,Miss.,0,16.1231884058
46,0,3,male,28.7248908297,0,0,S.C./A.4. 23567,8.05,,S,24,Mr.,1,28.7248908297
47,0,3,male,28.7248908297,1,0,370371,15.5,,Q,17,Mr.,1,28.7248908297
48,1,3,female,16.1231884058,0,0,14311,7.75,,Q,25,Miss.,1,16.1231884058
49,0,3,male,28.7248908297,2,0,2662,21.6792,,C,19,Mr.,1,28.7248908297
50,0,3,female,18.0,1,0,349237,17.8,,S,45,Mrs.,0,33.5151515152
51,0,3,male,7.0,4,1,3101295,39.6875,,S,26,Master.,0,5.35083333333
52,0,3,male,21.0,0,0,A/4. 39886,7.8,,S,28,Mr.,0,28.7248908297
53,1,1,female,49.0,1,0,PC 17572,76.7292,D33,C,40,Mrs.,0,40.8823529412
54,1,2,female,29.0,1,0,2926,26.0,,S,50,Mrs.,0,33.6829268293
55,0,1,male,65.0,0,1,113509,61.9792,B30,C,30,Mr.,0,41.5804597701
56,1,1,male,41.5804597701,0,0,19947,35.5,C52,S,17,Mr.,1,41.5804597701
57,1,2,female,21.0,0,0,C.A. 31026,10.5,,S,17,Miss.,0,22.390625
58,0,3,male,28.5,0,0,2697,7.2292,,C,19,Mr.,0,28.7248908297
59,1,2,female,5.0,1,2,C.A. 34651,27.75,,S,28,Miss.,0,22.390625
60,0,3,male,11.0,5,2,CA 2144,46.9,,S,34,Master.,0,5.35083333333
61,0,3,male,22.0,0,0,2669,7.2292,,C,21,Mr.,0,28.7248908297
62,1,1,female,38.0,0,0,113572,80.0,B28,,19,Miss.,0,30.0
63,0,1,male,45.0,1,0,36973,83.475,C83,S,27,Mr.,0,41.5804597701
64,0,3,male,4.0,3,2,347088,27.9,,S,21,Master.,0,5.35083333333
65,0,1,male,41.5804597701,0,0,PC 17605,27.7208,,C,21,Mr.,1,41.5804597701
66,1,3,male,5.35083333333,1,1,2661,15.2458,,C,24,Master.,1,5.35083333333
67,1,2,female,29.0,0,0,C.A. 29395,10.5,F33,S,28,Mrs.,0,33.6829268293
68,0,3,male,19.0,0,0,S.P. 3464,8.1583,,S,24,Mr.,0,28.7248908297
69,1,3,female,17.0,4,2,3101281,7.925,,S,31,Miss.,0,16.1231884058
70,0,3,male,26.0,2,0,315151,8.6625,,S,17,Mr.,0,28.7248908297
71,0,2,male,32.0,0,0,C.A. 33111,10.5,,S,26,Mr.,0,32.7682926829
72,0,3,female,16.0,5,2,CA 2144,46.9,,S,26,Miss.,0,16.1231884058
73,0,2,male,21.0,0,0,S.O.C. 14879,73.5,,S,20,Mr.,0,32.7682926829
74,0,3,male,26.0,1,0,2680,14.4542,,C,27,Mr.,0,28.7248908297
75,1,3,male,32.0,0,0,1601,56.4958,,S,13,Mr.,0,28.7248908297
76,0,3,male,25.0,0,0,348123,7.65,F G73,S,23,Mr.,0,28.7248908297
77,0,3,male,28.7248908297,0,0,349208,7.8958,,S,17,Mr.,1,28.7248908297
78,0,3,male,28.7248908297,0,0,374746,8.05,,S,24,Mr.,1,28.7248908297
79,1,2,male,0.83,0,2,248738,29.0,,S,29,Master.,0,2.25888888889
80,1,3,female,30.0,0,0,364516,12.475,,S,24,Miss.,0,16.1231884058
81,0,3,male,22.0,0,0,345767,9.0,,S,20,Mr.,0,28.7248908297
82,1,3,male,29.0,0,0,345779,9.5,,S,27,Mr.,0,28.7248908297
83,1,3,female,16.1231884058,0,0,330932,7.7875,,Q,30,Miss.,1,16.1231884058
84,0,1,male,28.0,0,0,113059,47.1,,S,23,Mr.,0,41.5804597701
85,1,2,female,17.0,0,0,SO/C 14885,10.5,,S,19,Miss.,0,22.390625
86,1,3,female,33.0,3,0,3101278,15.85,,S,55,Mrs.,0,33.5151515152
87,0,3,male,16.0,1,3,W./C. 6608,34.375,,S,22,Mr.,0,28.7248908297
88,0,3,male,28.7248908297,0,0,SOTON/OQ 392086,8.05,,S,29,Mr.,1,28.7248908297
89,1,1,female,23.0,3,2,19950,263.0,C23 C25 C27,S,26,Miss.,0,30.0
90,0,3,male,24.0,0,0,343275,8.05,,S,22,Mr.,0,28.7248908297
91,0,3,male,29.0,0,0,343276,8.05,,S,20,Mr.,0,28.7248908297
92,0,3,male,20.0,0,0,347466,7.8542,,S,26,Mr.,0,28.7248908297
93,0,1,male,46.0,1,0,W.E.P. 5734,61.175,E31,S,27,Mr.,0,41.5804597701
94,0,3,male,26.0,1,2,C.A. 2315,20.575,,S,23,Mr.,0,28.7248908297
95,0,3,male,59.0,0,0,364500,7.25,,S,17,Mr.,0,28.7248908297
96,0,3,male,28.7248908297,0,0,374910,8.05,,S,27,Mr.,1,28.7248908297
97,0,1,male,71.0,0,0,PC 17754,34.6542,A5,C,25,Mr.,0,41.5804597701
98,1,1,male,23.0,0,1,PC 17759,63.3583,D10 D12,C,31,Mr.,0,41.5804597701
99,1,2,female,34.0,0,1,231919,23.0,,S,36,Mrs.,0,33.6829268293
100,0,2,male,34.0,1,0,244367,26.0,,S,17,Mr.,0,32.7682926829
101,0,3,female,28.0,0,0,349245,7.8958,,S,23,Miss.,0,16.1231884058
102,0,3,male,28.7248908297,0,0,349215,7.8958,,S,32,Mr.,1,28.7248908297
103,0,1,male,21.0,0,1,35281,77.2875,D26,S,25,Mr.,0,41.5804597701
104,0,3,male,33.0,0,0,7540,8.6542,,S,26,Mr.,0,28.7248908297
105,0,3,male,37.0,2,0,3101276,7.925,,S,30,Mr.,0,28.7248908297
106,0,3,male,28.0,0,0,349207,7.8958,,S,21,Mr.,0,28.7248908297
107,1,3,female,21.0,0,0,343120,7.65,,S,32,Miss.,0,16.1231884058
108,1,3,male,28.7248908297,0,0,312991,7.775,,S,22,Mr.,1,28.7248908297
109,0,3,male,38.0,0,0,349249,7.8958,,S,15,Mr.,0,28.7248908297
110,1,3,female,16.1231884058,1,0,371110,24.15,,Q,19,Miss.,1,16.1231884058
111,0,1,male,47.0,0,0,110465,52.0,C110,S,30,Mr.,0,41.5804597701
112,0,3,female,14.5,1,0,2665,14.4542,,C,20,Miss.,0,16.1231884058
113,0,3,male,22.0,0,0,324669,8.05,,S,22,Mr.,0,28.7248908297
114,0,3,female,20.0,1,0,4136,9.825,,S,23,Miss.,0,16.1231884058
115,0,3,female,17.0,0,0,2627,14.4583,,C,21,Miss.,0,16.1231884058
116,0,3,male,21.0,0,0,STON/O 2. 3101294,7.925,,S,21,Mr.,0,28.7248908297
117,0,3,male,70.5,0,0,370369,7.75,,Q,20,Mr.,0,28.7248908297
118,0,2,male,29.0,1,0,11668,21.0,,S,31,Mr.,0,32.7682926829
119,0,1,male,24.0,0,1,PC 17558,247.5208,B58 B60,C,24,Mr.,0,41.5804597701
120,0,3,female,2.0,4,2,347082,31.275,,S,33,Miss.,0,16.1231884058
121,0,2,male,21.0,2,0,S.O.C. 14879,73.5,,S,27,Mr.,0,32.7682926829
122,0,3,male,28.7248908297,0,0,A4. 54510,8.05,,S,26,Mr.,1,28.7248908297
123,0,2,male,32.5,1,0,237736,30.0708,,C,20,Mr.,0,32.7682926829
124,1,2,female,32.5,0,0,27267,13.0,E101,S,19,Miss.,0,22.390625
125,0,1,male,54.0,0,1,35281,77.2875,D26,S,27,Mr.,0,41.5804597701
126,1,3,male,12.0,1,0,2651,11.2417,,C,28,Master.,0,5.35083333333
127,0,3,male,28.7248908297,0,0,370372,7.75,,Q,19,Mr.,1,28.7248908297
128,1,3,male,24.0,0,0,C 17369,7.1417,,S,25,Mr.,0,28.7248908297
129,1,3,female,16.1231884058,1,1,2668,22.3583,F E69,C,17,Miss.,1,16.1231884058
130,0,3,male,45.0,0,0,347061,6.975,,S,18,Mr.,0,28.7248908297
131,0,3,male,33.0,0,0,349241,7.8958,,C,20,Mr.,0,28.7248908297
132,0,3,male,20.0,0,0,SOTON/O.Q. 3101307,7.05,,S,30,Mr.,0,28.7248908297
133,0,3,female,47.0,1,0,A/5. 3337,14.5,,S,46,Mrs.,0,33.5151515152
134,1,2,female,29.0,1,0,228414,26.0,,S,45,Mrs.,0,33.6829268293
135,0,2,male,25.0,0,0,C.A. 29178,13.0,,S,30,Mr.,0,32.7682926829
136,0,2,male,23.0,0,0,SC/PARIS 2133,15.0458,,C,18,Mr.,0,32.7682926829
137,1,1,female,19.0,0,2,11752,26.2833,D47,S,28,Miss.,0,30.0
138,0,1,male,37.0,1,0,113803,53.1,C123,S,27,Mr.,0,41.5804597701
139,0,3,male,16.0,0,0,7534,9.2167,,S,19,Mr.,0,28.7248908297
140,0,1,male,24.0,0,0,PC 17593,79.2,B86,C,18,Mr.,0,41.5804597701
141,0,3,female,33.5151515152,0,2,2678,15.2458,,C,29,Mrs.,1,33.5151515152
142,1,3,female,22.0,0,0,347081,7.75,,S,24,Miss.,0,16.1231884058
143,1,3,female,24.0,1,0,STON/O2. 3101279,15.85,,S,52,Mrs.,0,33.5151515152
144,0,3,male,19.0,0,0,365222,6.75,,Q,19,Mr.,0,28.7248908297
145,0,2,male,18.0,0,0,231945,11.5,,S,26,Mr.,0,32.7682926829
146,0,2,male,19.0,1,1,C.A. 33112,36.75,,S,28,Mr.,0,32.7682926829
147,1,3,male,27.0,0,0,350043,7.7958,,S,44,Mr.,0,28.7248908297
148,0,3,female,9.0,2,2,W./C. 6608,34.375,,S,32,Miss.,0,16.1231884058
149,0,2,male,36.5,0,2,230080,26.0,F2,S,40,Mr.,0,32.7682926829
150,0,2,male,42.0,0,0,244310,13.0,,S,33,Rev.,0,43.1666666667
151,0,2,male,51.0,0,0,S.O.P. 1166,12.525,,S,26,Rev.,0,43.1666666667
152,1,1,female,22.0,1,0,113776,66.6,C2,S,33,Mrs.,0,40.8823529412
153,0,3,male,55.5,0,0,A.5. 11206,8.05,,S,16,Mr.,0,28.7248908297
154,0,3,male,40.5,0,2,A/5. 851,14.5,,S,31,Mr.,0,28.7248908297
155,0,3,male,28.7248908297,0,0,Fa 265302,7.3125,,S,21,Mr.,1,28.7248908297
156,0,1,male,51.0,0,1,PC 17597,61.3792,,C,27,Mr.,0,41.5804597701
157,1,3,female,16.0,0,0,35851,7.7333,,Q,32,Miss.,0,16.1231884058
158,0,3,male,30.0,0,0,SOTON/OQ 392090,8.05,,S,15,Mr.,0,28.7248908297
159,0,3,male,28.7248908297,0,0,315037,8.6625,,S,19,Mr.,1,28.7248908297
160,0,3,male,5.35083333333,8,2,CA. 2343,69.55,,S,26,Master.,1,5.35083333333
161,0,3,male,44.0,0,1,371362,16.1,,S,24,Mr.,0,28.7248908297
162,1,2,female,40.0,0,0,C.A. 33595,15.75,,S,50,Mrs.,0,33.6829268293
163,0,3,male,26.0,0,0,347068,7.775,,S,26,Mr.,0,28.7248908297
164,0,3,male,17.0,0,0,315093,8.6625,,S,15,Mr.,0,28.7248908297
165,0,3,male,1.0,4,1,3101295,39.6875,,S,28,Master.,0,5.35083333333
166,1,3,male,9.0,0,2,363291,20.525,,S,47,Master.,0,5.35083333333
167,1,1,female,40.8823529412,0,1,113505,55.0,E33,S,38,Mrs.,1,40.8823529412
168,0,3,female,45.0,1,4,347088,27.9,,S,47,Mrs.,0,33.5151515152
169,0,1,male,41.5804597701,0,0,PC 17318,25.925,,S,19,Mr.,1,41.5804597701
170,0,3,male,28.0,0,0,1601,56.4958,,S,13,Mr.,0,28.7248908297
171,0,1,male,61.0,0,0,111240,33.5,B19,S,25,Mr.,0,41.5804597701
172,0,3,male,4.0,4,1,382652,29.125,,Q,20,Master.,0,5.35083333333
173,1,3,female,1.0,1,1,347742,11.1333,,S,28,Miss.,0,16.1231884058
174,0,3,male,21.0,0,0,STON/O 2. 3101280,7.925,,S,25,Mr.,0,28.7248908297
175,0,1,male,56.0,0,0,17764,30.6958,A7,C,23,Mr.,0,41.5804597701
176,0,3,male,18.0,1,1,350404,7.8542,,S,22,Mr.,0,28.7248908297
177,0,3,male,5.35083333333,3,1,4133,25.4667,,S,29,Master.,1,5.35083333333
178,0,1,female,50.0,0,0,PC 17595,28.7125,C49,C,26,Miss.,0,30.0
179,0,2,male,30.0,0,0,250653,13.0,,S,18,Mr.,0,32.7682926829
180,0,3,male,36.0,0,0,LINE,0.0,,S,19,Mr.,0,28.7248908297
181,0,3,female,16.1231884058,8,2,CA. 2343,69.55,,S,28,Miss.,1,16.1231884058
182,0,2,male,32.7682926829,0,0,SC/PARIS 2131,15.05,,C,16,Mr.,1,32.7682926829
183,0,3,male,9.0,4,2,347077,31.3875,,S,37,Master.,0,5.35083333333
184,1,2,male,1.0,2,1,230136,39.0,F4,S,25,Master.,0,2.25888888889
185,1,3,female,4.0,0,2,315153,22.025,,S,35,Miss.,0,16.1231884058
186,0,1,male,41.5804597701,0,0,113767,50.0,A32,S,21,Mr.,1,41.5804597701
187,1,3,female,33.5151515152,1,0,370365,15.5,,Q,47,Mrs.,1,33.5151515152
188,1,1,male,45.0,0,0,111428,26.55,,S,45,Mr.,0,41.5804597701
189,0,3,male,40.0,1,1,364849,15.5,,Q,16,Mr.,0,28.7248908297
190,0,3,male,36.0,0,0,349247,7.8958,,S,19,Mr.,0,28.7248908297
191,1,2,female,32.0,0,0,234604,13.0,,S,19,Mrs.,0,33.6829268293
192,0,2,male,19.0,0,0,28424,13.0,,S,21,Mr.,0,32.7682926829
193,1,3,female,19.0,1,0,350046,7.8542,,S,47,Miss.,0,16.1231884058
194,1,2,male,3.0,1,1,230080,26.0,F2,S,26,Master.,0,2.25888888889
195,1,1,female,44.0,0,0,PC 17610,27.7208,B4,C,41,Mrs.,0,40.8823529412
196,1,1,female,58.0,0,0,PC 17569,146.5208,B80,C,20,Miss.,0,30.0
197,0,3,male,28.7248908297,0,0,368703,7.75,,Q,19,Mr.,1,28.7248908297
198,0,3,male,42.0,0,1,4579,8.4042,,S,32,Mr.,0,28.7248908297
199,1,3,female,16.1231884058,0,0,370370,7.75,,Q,32,Miss.,1,16.1231884058
200,0,2,female,24.0,0,0,248747,13.0,,S,38,Miss.,0,22.390625
201,0,3,male,28.0,0,0,345770,9.5,,S,30,Mr.,0,28.7248908297
202,0,3,male,28.7248908297,8,2,CA. 2343,69.55,,S,19,Mr.,1,28.7248908297
203,0,3,male,34.0,0,0,3101264,6.4958,,S,26,Mr.,0,28.7248908297
204,0,3,male,45.5,0,0,2628,7.225,,C,20,Mr.,0,28.7248908297
205,1,3,male,18.0,0,0,A/5 3540,8.05,,S,24,Mr.,0,28.7248908297
206,0,3,female,2.0,0,1,347054,10.4625,G6,S,26,Miss.,0,16.1231884058
207,0,3,male,32.0,1,0,3101278,15.85,,S,26,Mr.,0,28.7248908297
208,1,3,male,26.0,0,0,2699,18.7875,,C,27,Mr.,0,28.7248908297
209,1,3,female,16.0,0,0,367231,7.75,,Q,25,Miss.,0,16.1231884058
210,1,1,male,40.0,0,0,112277,31.0,A31,C,16,Mr.,0,41.5804597701
211,0,3,male,24.0,0,0,SOTON/O.Q. 3101311,7.05,,S,14,Mr.,0,28.7248908297
212,1,2,female,35.0,0,0,F.C.C. 13528,21.0,,S,26,Miss.,0,22.390625
213,0,3,male,22.0,0,0,A/5 21174,7.25,,S,22,Mr.,0,28.7248908297
214,0,2,male,30.0,0,0,250646,13.0,,S,27,Mr.,0,32.7682926829
215,0,3,male,28.7248908297,1,0,367229,7.75,,Q,19,Mr.,1,28.7248908297
216,1,1,female,31.0,1,0,35273,113.275,D36,C,23,Miss.,0,30.0
217,1,3,female,27.0,0,0,STON/O2. 3101283,7.925,,S,22,Miss.,0,16.1231884058
218,0,2,male,42.0,1,0,243847,27.0,,S,28,Mr.,0,32.7682926829
219,1,1,female,32.0,0,0,11813,76.2917,D15,C,21,Miss.,0,30.0
220,0,2,male,30.0,0,0,W/C 14208,10.5,,S,18,Mr.,0,32.7682926829
221,1,3,male,16.0,0,0,SOTON/OQ 392089,8.05,,S,30,Mr.,0,28.7248908297
222,0,2,male,27.0,0,0,220367,13.0,,S,20,Mr.,0,32.7682926829
223,0,3,male,51.0,0,0,21440,8.05,,S,23,Mr.,0,28.7248908297
224,0,3,male,28.7248908297,0,0,349234,7.8958,,S,20,Mr.,1,28.7248908297
225,1,1,male,38.0,1,0,19943,90.0,C93,S,28,Mr.,0,41.5804597701
226,0,3,male,22.0,0,0,PP 4348,9.35,,S,28,Mr.,0,28.7248908297
227,1,2,male,19.0,0,0,SW/PP 751,10.5,,S,25,Mr.,0,32.7682926829
228,0,3,male,20.5,0,0,A/5 21173,7.25,,S,31,Mr.,0,28.7248908297
229,0,2,male,18.0,0,0,236171,13.0,,S,25,Mr.,0,32.7682926829
230,0,3,female,16.1231884058,3,1,4133,25.4667,,S,23,Miss.,1,16.1231884058
231,1,1,female,35.0,1,0,36973,83.475,C83,S,44,Mrs.,0,40.8823529412
232,0,3,male,29.0,0,0,347067,7.775,,S,24,Mr.,0,28.7248908297
233,0,2,male,59.0,0,0,237442,13.5,,S,25,Mr.,0,32.7682926829
234,1,3,female,5.0,4,2,347077,31.3875,,S,30,Miss.,0,16.1231884058
235,0,2,male,24.0,0,0,C.A. 29566,10.5,,S,33,Mr.,0,32.7682926829
236,0,3,female,16.1231884058,0,0,W./C. 6609,7.55,,S,28,Miss.,1,16.1231884058
237,0,2,male,44.0,1,0,26707,26.0,,S,17,Mr.,0,32.7682926829
238,1,2,female,8.0,0,2,C.A. 31921,26.25,,S,32,Miss.,0,22.390625
239,0,2,male,19.0,0,0,28665,10.5,,S,31,Mr.,0,32.7682926829
240,0,2,male,33.0,0,0,SCO/W 1585,12.275,,S,22,Mr.,0,32.7682926829
241,0,3,female,16.1231884058,1,0,2665,14.4542,,C,21,Miss.,1,16.1231884058
242,1,3,female,16.1231884058,1,0,367230,15.5,,Q,30,Miss.,1,16.1231884058
243,0,2,male,29.0,0,0,W./C. 14263,10.5,,S,31,Mr.,0,32.7682926829
244,0,3,male,22.0,0,0,STON/O 2. 3101275,7.125,,S,29,Mr.,0,28.7248908297
245,0,3,male,30.0,0,0,2694,7.225,,C,20,Mr.,0,28.7248908297
246,0,1,male,44.0,2,0,19928,90.0,C78,Q,27,Dr.,0,43.75
247,0,3,female,25.0,0,0,347071,7.775,,S,37,Miss.,0,16.1231884058
248,1,2,female,24.0,0,2,250649,14.5,,S,31,Mrs.,0,33.6829268293
249,1,1,male,37.0,1,1,11751,52.5542,D35,S,29,Mr.,0,41.5804597701
250,0,2,male,54.0,1,0,244252,26.0,,S,29,Rev.,0,43.1666666667
251,0,3,male,28.7248908297,0,0,362316,7.25,,S,22,Mr.,1,28.7248908297
252,0,3,female,29.0,1,1,347054,10.4625,G6,S,42,Mrs.,0,33.5151515152
253,0,1,male,62.0,0,0,113514,26.55,C87,S,25,Mr.,0,41.5804597701
254,0,3,male,30.0,1,0,A/5. 3336,16.1,,S,24,Mr.,0,28.7248908297
255,0,3,female,41.0,0,2,370129,20.2125,,S,40,Mrs.,0,33.5151515152
256,1,3,female,29.0,0,2,2650,15.2458,,C,39,Mrs.,0,33.5151515152
257,1,1,female,40.8823529412,0,0,PC 17585,79.2,,C,30,Mrs.,1,40.8823529412
258,1,1,female,30.0,0,0,110152,86.5,B77,S,20,Miss.,0,30.0
259,1,1,female,35.0,0,0,PC 17755,512.3292,,C,16,Miss.,0,30.0
260,1,2,female,50.0,0,1,230433,26.0,,S,27,Mrs.,0,33.6829268293
261,0,3,male,28.7248908297,0,0,384461,7.75,,Q,17,Mr.,1,28.7248908297
262,1,3,male,3.0,4,2,347077,31.3875,,S,33,Master.,0,5.35083333333
263,0,1,male,52.0,1,1,110413,79.65,E67,S,17,Mr.,0,41.5804597701
264,0,1,male,40.0,0,0,112059,0.0,B94,S,21,Mr.,0,41.5804597701
265,0,3,female,16.1231884058,0,0,382649,7.75,,Q,18,Miss.,1,16.1231884058
266,0,2,male,36.0,0,0,C.A. 17248,10.5,,S,17,Mr.,0,32.7682926829
267,0,3,male,16.0,4,1,3101295,39.6875,,S,25,Mr.,0,28.7248908297
268,1,3,male,25.0,1,0,347083,7.775,,S,24,Mr.,0,28.7248908297
269,1,1,female,58.0,0,1,PC 17582,153.4625,C125,S,45,Mrs.,0,40.8823529412
270,1,1,female,35.0,0,0,PC 17760,135.6333,C99,S,22,Miss.,0,30.0
271,0,1,male,41.5804597701,0,0,113798,31.0,,S,21,Mr.,1,41.5804597701
272,1,3,male,25.0,0,0,LINE,0.0,,S,28,Mr.,0,28.7248908297
273,1,2,female,41.0,0,1,250644,19.5,,S,41,Mrs.,0,33.6829268293
274,0,1,male,37.0,0,1,PC 17596,29.7,C118,C,21,Mr.,0,41.5804597701
275,1,3,female,16.1231884058,0,0,370375,7.75,,Q,26,Miss.,1,16.1231884058
276,1,1,female,63.0,1,0,13502,77.9583,D7,S,33,Miss.,0,30.0
277,0,3,female,45.0,0,0,347073,7.75,,S,33,Miss.,0,16.1231884058
278,0,2,male,32.7682926829,0,0,239853,0.0,,S,27,Mr.,1,32.7682926829
279,0,3,male,7.0,4,1,382652,29.125,,Q,18,Master.,0,5.35083333333
280,1,3,female,35.0,1,1,C.A. 2673,20.25,,S,32,Mrs.,0,33.5151515152
281,0,3,male,65.0,0,0,336439,7.75,,Q,16,Mr.,0,28.7248908297
282,0,3,male,28.0,0,0,347464,7.8542,,S,32,Mr.,0,28.7248908297
283,0,3,male,16.0,0,0,345778,9.5,,S,25,Mr.,0,28.7248908297
284,1,3,male,19.0,0,0,A/5. 10482,8.05,,S,26,Mr.,0,28.7248908297
285,0,1,male,41.5804597701,0,0,113056,26.0,A19,S,26,Mr.,1,41.5804597701
286,0,3,male,33.0,0,0,349239,8.6625,,C,19,Mr.,0,28.7248908297
287,1,3,male,30.0,0,0,345774,9.5,,S,23,Mr.,0,28.7248908297
288,0,3,male,22.0,0,0,349206,7.8958,,S,20,Mr.,0,28.7248908297
289,1,2,male,42.0,0,0,237798,13.0,,S,20,Mr.,0,32.7682926829
290,1,3,female,22.0,0,0,370373,7.75,,Q,20,Miss.,0,16.1231884058
291,1,1,female,26.0,0,0,19877,78.85,,S,28,Miss.,0,30.0
292,1,1,female,19.0,1,0,11967,91.0792,B49,C,39,Mrs.,0,40.8823529412
293,0,2,male,36.0,0,0,SC/Paris 2163,12.875,D,C,22,Mr.,0,32.7682926829
294,0,3,female,24.0,0,0,349236,8.85,,S,19,Miss.,0,16.1231884058
295,0,3,male,24.0,0,0,349233,7.8958,,S,16,Mr.,0,28.7248908297
296,0,1,male,41.5804597701,0,0,PC 17612,27.7208,,C,17,Mr.,1,41.5804597701
297,0,3,male,23.5,0,0,2693,7.2292,,C,18,Mr.,0,28.7248908297
298,0,1,female,2.0,1,2,113781,151.55,C22 C26,S,28,Miss.,0,30.0
299,1,1,male,41.5804597701,0,0,19988,30.5,C106,S,21,Mr.,1,41.5804597701
300,1,1,female,50.0,0,1,PC 17558,247.5208,B58 B60,C,47,Mrs.,0,40.8823529412
301,1,3,female,16.1231884058,0,0,9234,7.75,,Q,40,Miss.,1,16.1231884058
302,1,3,male,28.7248908297,2,0,367226,23.25,,Q,18,Mr.,1,28.7248908297
303,0,3,male,19.0,0,0,LINE,0.0,,S,31,Mr.,0,28.7248908297
304,1,2,female,22.390625,0,0,226593,12.35,E101,Q,19,Miss.,1,22.390625
305,0,3,male,28.7248908297,0,0,A/5 2466,8.05,,S,33,Mr.,1,28.7248908297
306,1,1,male,0.92,1,2,113781,151.55,C22 C26,S,30,Master.,0,5.30666666667
307,1,1,female,30.0,0,0,17421,110.8833,,C,23,Miss.,1,30.0
308,1,1,female,17.0,1,0,PC 17758,108.9,C65,C,82,Mrs.,0,40.8823529412
309,0,2,male,30.0,1,0,P/PP 3381,24.0,,C,19,Mr.,0,32.7682926829
310,1,1,female,30.0,0,0,PC 17485,56.9292,E36,C,30,Miss.,0,30.0
311,1,1,female,24.0,0,0,11767,83.1583,C54,C,30,Miss.,0,30.0
312,1,1,female,18.0,2,2,PC 17608,262.375,B57 B59 B63 B66,C,26,Miss.,0,30.0
313,0,2,female,26.0,1,1,250651,26.0,,S,37,Mrs.,0,33.6829268293
314,0,3,male,28.0,0,0,349243,7.8958,,S,22,Mr.,0,28.7248908297
315,0,2,male,43.0,1,1,F.C.C. 13529,26.25,,S,18,Mr.,0,32.7682926829
316,1,3,female,26.0,0,0,347470,7.8542,,S,31,Miss.,0,16.1231884058
317,1,2,female,24.0,1,0,244367,26.0,,S,35,Mrs.,0,33.6829268293
318,0,2,male,54.0,0,0,29011,14.0,,S,20,Dr.,0,38.5
319,1,1,female,31.0,0,2,36928,164.8667,C7,S,24,Miss.,0,30.0
320,1,1,female,40.0,1,1,16966,134.5,E34,C,56,Mrs.,0,40.8823529412
321,0,3,male,22.0,0,0,A/5 21172,7.25,,S,18,Mr.,0,28.7248908297
322,0,3,male,27.0,0,0,349219,7.8958,,S,16,Mr.,0,28.7248908297
323,1,2,female,30.0,0,0,234818,12.35,,Q,25,Miss.,0,22.390625
324,1,2,female,22.0,1,1,248738,29.0,,S,51,Mrs.,0,33.6829268293
325,0,3,male,28.7248908297,8,2,CA. 2343,69.55,,S,24,Mr.,1,28.7248908297
326,1,1,female,36.0,0,0,PC 17760,135.6333,C32,C,24,Miss.,0,30.0
327,0,3,male,61.0,0,0,345364,6.2375,,S,25,Mr.,0,28.7248908297
328,1,2,female,36.0,0,0,28551,13.0,D,S,23,Mrs.,0,33.6829268293
329,1,3,female,31.0,1,1,363291,20.525,,S,46,Mrs.,0,33.5151515152
330,1,1,female,16.0,0,1,111361,57.9792,B18,C,28,Miss.,0,30.0
331,1,3,female,16.1231884058,2,0,367226,23.25,,Q,18,Miss.,1,16.1231884058
332,0,1,male,45.5,0,0,113043,28.5,C124,S,19,Mr.,0,41.5804597701
333,0,1,male,38.0,0,1,PC 17582,153.4625,C91,S,25,Mr.,0,41.5804597701
334,0,3,male,16.0,2,0,345764,18.0,,S,31,Mr.,0,28.7248908297
335,1,1,female,40.8823529412,1,0,PC 17611,133.65,,S,50,Mrs.,1,40.8823529412
336,0,3,male,28.7248908297,0,0,349225,7.8958,,S,18,Mr.,1,28.7248908297
337,0,1,male,29.0,1,0,113776,66.6,C2,S,25,Mr.,0,41.5804597701
338,1,1,female,41.0,0,0,16966,134.5,E40,C,31,Miss.,0,30.0
339,1,3,male,45.0,0,0,7598,8.05,,S,21,Mr.,0,28.7248908297
340,0,1,male,45.0,0,0,113784,35.5,T,S,28,Mr.,0,41.5804597701
341,1,2,male,2.0,1,1,230080,26.0,F2,S,30,Master.,0,2.25888888889
342,1,1,female,24.0,3,2,19950,263.0,C23 C25 C27,S,30,Miss.,0,30.0
343,0,2,male,28.0,0,0,248740,13.0,,S,26,Mr.,0,32.7682926829
344,0,2,male,25.0,0,0,244361,13.0,,S,42,Mr.,0,32.7682926829
345,0,2,male,36.0,0,0,229236,13.0,,S,23,Mr.,0,32.7682926829
346,1,2,female,24.0,0,0,248733,13.0,F33,S,29,Miss.,0,22.390625
347,1,2,female,40.0,0,0,31418,13.0,,S,25,Miss.,0,22.390625
348,1,3,female,33.5151515152,1,0,386525,16.1,,S,41,Mrs.,1,33.5151515152
349,1,3,male,3.0,1,1,C.A. 37671,15.9,,S,38,Master.,0,5.35083333333
350,0,3,male,42.0,0,0,315088,8.6625,,S,16,Mr.,0,28.7248908297
351,0,3,male,23.0,0,0,7267,9.225,,S,22,Mr.,0,28.7248908297
352,0,1,male,41.5804597701,0,0,113510,35.0,C128,S,38,Mr.,1,41.5804597701
353,0,3,male,15.0,1,1,2695,7.2292,,C,18,Mr.,0,28.7248908297
354,0,3,male,25.0,1,0,349237,17.8,,S,25,Mr.,0,28.7248908297
355,0,3,male,28.7248908297,0,0,2647,7.225,,C,17,Mr.,1,28.7248908297
356,0,3,male,28.0,0,0,345783,9.5,,S,27,Mr.,0,28.7248908297
357,1,1,female,22.0,0,1,113505,55.0,E33,S,27,Miss.,0,30.0
358,0,2,female,38.0,0,0,237671,13.0,,S,25,Miss.,0,22.390625
359,1,3,female,16.1231884058,0,0,330931,7.8792,,Q,20,Miss.,1,16.1231884058
360,1,3,female,16.1231884058,0,0,330980,7.8792,,Q,33,Miss.,1,16.1231884058
361,0,3,male,40.0,1,4,347088,27.9,,S,18,Mr.,0,28.7248908297
362,0,2,male,29.0,1,0,SC/PARIS 2167,27.7208,,C,25,Mr.,0,32.7682926829
363,0,3,female,45.0,0,1,2691,14.4542,,C,31,Mrs.,0,33.5151515152
364,0,3,male,35.0,0,0,SOTON/O.Q. 3101310,7.05,,S,15,Mr.,0,28.7248908297
365,0,3,male,28.7248908297,1,0,370365,15.5,,Q,19,Mr.,1,28.7248908297
366,0,3,male,30.0,0,0,C 7076,7.25,,S,30,Mr.,0,28.7248908297
367,1,1,female,60.0,1,0,110813,75.25,D37,C,48,Mrs.,0,40.8823529412
368,1,3,female,33.5151515152,0,0,2626,7.2292,,C,30,Mrs.,1,33.5151515152
369,1,3,female,16.1231884058,0,0,14313,7.75,,Q,19,Miss.,1,16.1231884058
370,1,1,female,24.0,0,0,PC 17477,69.3,B35,C,29,Mme.,0,24.0
371,1,1,male,25.0,1,0,11765,55.4417,E50,C,27,Mr.,0,41.5804597701
372,0,3,male,18.0,1,0,3101267,6.4958,,S,25,Mr.,0,28.7248908297
373,0,3,male,19.0,0,0,323951,8.05,,S,26,Mr.,0,28.7248908297
374,0,1,male,22.0,0,0,PC 17760,135.6333,,C,19,Mr.,0,41.5804597701
375,0,3,female,3.0,3,1,349909,21.075,,S,26,Miss.,0,16.1231884058
376,1,1,female,40.8823529412,1,0,PC 17604,82.1708,,C,37,Mrs.,1,40.8823529412
377,1,3,female,22.0,0,0,C 7077,7.25,,S,31,Miss.,0,16.1231884058
378,0,1,male,27.0,0,2,113503,211.5,C82,C,25,Mr.,0,41.5804597701
379,0,3,male,20.0,0,0,2648,4.0125,,C,19,Mr.,0,28.7248908297
380,0,3,male,19.0,0,0,347069,7.775,,S,27,Mr.,0,28.7248908297
381,1,1,female,42.0,0,0,PC 17757,227.525,,C,21,Miss.,0,30.0
382,1,3,female,1.0,0,2,2653,15.7417,,C,27,Miss.,0,16.1231884058
383,0,3,male,32.0,0,0,STON/O 2. 3101293,7.925,,S,18,Mr.,0,28.7248908297
384,1,1,female,35.0,1,0,113789,52.0,,S,51,Mrs.,0,40.8823529412
385,0,3,male,28.7248908297,0,0,349227,7.8958,,S,22,Mr.,1,28.7248908297
386,0,2,male,18.0,0,0,S.O.C. 14879,73.5,,S,25,Mr.,0,32.7682926829
387,0,3,male,1.0,5,2,CA 2144,46.9,,S,31,Master.,0,5.35083333333
388,1,2,female,36.0,0,0,27849,13.0,,S,16,Miss.,0,22.390625
389,0,3,male,28.7248908297,0,0,367655,7.7292,,Q,20,Mr.,1,28.7248908297
390,1,2,female,17.0,0,0,SC 1748,12.0,,C,21,Miss.,0,22.390625
391,1,1,male,36.0,1,2,113760,120.0,B96 B98,S,26,Mr.,0,41.5804597701
392,1,3,male,21.0,0,0,350034,7.7958,,S,22,Mr.,0,28.7248908297
393,0,3,male,28.0,2,0,3101277,7.925,,S,28,Mr.,0,28.7248908297
394,1,1,female,23.0,1,0,35273,113.275,D36,C,22,Miss.,0,30.0
395,1,3,female,24.0,0,2,PP 9549,16.7,G6,S,51,Mrs.,0,33.5151515152
396,0,3,male,22.0,0,0,350052,7.7958,,S,19,Mr.,0,28.7248908297
397,0,3,female,31.0,0,0,350407,7.8542,,S,19,Miss.,0,16.1231884058
398,0,2,male,46.0,0,0,28403,26.0,,S,23,Mr.,0,32.7682926829
399,0,2,male,23.0,0,0,244278,10.5,,S,16,Dr.,0,38.5
400,1,2,female,28.0,0,0,240929,12.65,,S,32,Mrs.,0,33.6829268293
401,1,3,male,39.0,0,0,STON/O 2. 3101289,7.925,,S,18,Mr.,0,28.7248908297
402,0,3,male,26.0,0,0,341826,8.05,,S,15,Mr.,0,28.7248908297
403,0,3,female,21.0,1,0,4137,9.825,,S,24,Miss.,0,16.1231884058
404,0,3,male,28.0,1,0,STON/O2. 3101279,15.85,,S,30,Mr.,0,28.7248908297
405,0,3,female,20.0,0,0,315096,8.6625,,S,23,Miss.,0,16.1231884058
406,0,2,male,34.0,1,0,28664,21.0,,S,18,Mr.,0,32.7682926829
407,0,3,male,51.0,0,0,347064,7.75,,S,32,Mr.,0,28.7248908297
408,1,2,male,3.0,1,1,29106,18.75,,S,30,Master.,0,2.25888888889
409,0,3,male,21.0,0,0,312992,7.775,,S,33,Mr.,0,28.7248908297
410,0,3,female,16.1231884058,3,1,4133,25.4667,,S,18,Miss.,1,16.1231884058
411,0,3,male,28.7248908297,0,0,349222,7.8958,,S,18,Mr.,1,28.7248908297
412,0,3,male,28.7248908297,0,0,394140,6.8583,,Q,15,Mr.,1,28.7248908297
413,1,1,female,33.0,1,0,19928,90.0,C78,Q,22,Miss.,0,30.0
414,0,2,male,32.7682926829,0,0,239853,0.0,,S,30,Mr.,1,32.7682926829
415,1,3,male,44.0,0,0,STON/O 2. 3101269,7.925,,S,25,Mr.,0,28.7248908297
416,0,3,female,33.5151515152,0,0,343095,8.05,,S,39,Mrs.,1,33.5151515152
417,1,2,female,34.0,1,1,28220,32.5,,S,47,Mrs.,0,33.6829268293
418,1,2,female,18.0,0,2,250652,13.0,,S,29,Miss.,0,22.390625
419,0,2,male,30.0,0,0,28228,13.0,,S,26,Mr.,0,32.7682926829
420,0,3,female,10.0,0,2,345773,24.15,,S,25,Miss.,0,16.1231884058
421,0,3,male,28.7248908297,0,0,349254,7.8958,,C,22,Mr.,1,28.7248908297
422,0,3,male,21.0,0,0,A/5. 13032,7.7333,,Q,19,Mr.,0,28.7248908297
423,0,3,male,29.0,0,0,315082,7.875,,S,18,Mr.,0,28.7248908297
424,0,3,female,28.0,1,1,347080,14.4,,S,54,Mrs.,0,33.5151515152
425,0,3,male,18.0,1,1,370129,20.2125,,S,27,Mr.,0,28.7248908297
426,0,3,male,28.7248908297,0,0,A/4. 34244,7.25,,S,22,Mr.,1,28.7248908297
427,1,2,female,28.0,1,0,2003,26.0,,S,43,Mrs.,0,33.6829268293
428,1,2,female,19.0,0,0,250655,26.0,,S,67,Miss.,0,22.390625
429,0,3,male,28.7248908297,0,0,364851,7.75,,Q,16,Mr.,1,28.7248908297
430,1,3,male,32.0,0,0,SOTON/O.Q. 392078,8.05,E10,S,34,Mr.,0,28.7248908297
431,1,1,male,28.0,0,0,110564,26.55,C52,S,41,Mr.,0,41.5804597701
432,1,3,female,33.5151515152,1,0,376564,16.1,,S,49,Mrs.,1,33.5151515152
433,1,2,female,42.0,1,0,SC/AH 3085,26.0,,S,51,Mrs.,0,33.6829268293
434,0,3,male,17.0,0,0,STON/O 2. 3101274,7.125,,S,26,Mr.,0,28.7248908297
435,0,1,male,50.0,1,0,13507,55.9,E44,S,25,Mr.,0,41.5804597701
436,1,1,female,14.0,1,2,113760,120.0,B96 B98,S,25,Miss.,0,30.0
437,0,3,female,21.0,2,2,W./C. 6608,34.375,,S,36,Miss.,0,16.1231884058
438,1,2,female,24.0,2,3,29106,18.75,,S,37,Mrs.,0,33.6829268293
439,0,1,male,64.0,1,4,19950,263.0,C23 C25 C27,S,17,Mr.,0,41.5804597701
440,0,2,male,31.0,0,0,C.A. 18723,10.5,,S,38,Mr.,0,32.7682926829
441,1,2,female,45.0,1,1,F.C.C. 13529,26.25,,S,43,Mrs.,0,33.6829268293
442,0,3,male,20.0,0,0,345769,9.5,,S,15,Mr.,0,28.7248908297
443,0,3,male,25.0,1,0,347076,7.775,,S,25,Mr.,0,28.7248908297
444,1,2,female,28.0,0,0,230434,13.0,,S,25,Ms.,0,28.0
445,1,3,male,28.7248908297,0,0,65306,8.1125,,S,33,Mr.,1,28.7248908297
446,1,1,male,4.0,0,2,33638,81.8583,A34,S,25,Master.,0,5.30666666667
447,1,2,female,13.0,0,1,250644,19.5,,S,33,Miss.,0,22.390625
448,1,1,male,34.0,0,0,113794,26.55,,S,27,Mr.,0,41.5804597701
449,1,3,female,5.0,2,1,2666,19.2583,,C,30,Miss.,0,16.1231884058
450,1,1,male,52.0,0,0,113786,30.5,C104,S,30,Major.,0,48.5
451,0,2,male,36.0,1,2,C.A. 34651,27.75,,S,21,Mr.,0,32.7682926829
452,0,3,male,28.7248908297,1,0,65303,19.9667,,S,31,Mr.,1,28.7248908297
453,0,1,male,30.0,0,0,113051,27.75,C111,C,31,Mr.,0,41.5804597701
454,1,1,male,49.0,1,0,17453,89.1042,C92,C,24,Mr.,0,41.5804597701
455,0,3,male,28.7248908297,0,0,A/5 2817,8.05,,S,19,Mr.,1,28.7248908297
456,1,3,male,29.0,0,0,349240,7.8958,,C,18,Mr.,0,28.7248908297
457,0,1,male,65.0,0,0,13509,26.55,E38,S,25,Mr.,0,41.5804597701
458,1,1,female,40.8823529412,1,0,17464,51.8625,D21,S,33,Mrs.,1,40.8823529412
459,1,2,female,50.0,0,0,F.C.C. 13531,10.5,,S,19,Miss.,0,22.390625
460,0,3,male,28.7248908297,0,0,371060,7.75,,Q,21,Mr.,1,28.7248908297
461,1,1,male,48.0,0,0,19952,26.55,E12,S,19,Mr.,0,41.5804597701
462,0,3,male,34.0,0,0,364506,8.05,,S,19,Mr.,0,28.7248908297
463,0,1,male,47.0,0,0,111320,38.5,E63,S,17,Mr.,0,41.5804597701
464,0,2,male,48.0,0,0,234360,13.0,,S,28,Mr.,0,32.7682926829
465,0,3,male,28.7248908297,0,0,A/S 2816,8.05,,S,18,Mr.,1,28.7248908297
466,0,3,male,38.0,0,0,SOTON/O.Q. 3101306,7.05,,S,31,Mr.,0,28.7248908297
467,0,2,male,32.7682926829,0,0,239853,0.0,,S,21,Mr.,1,32.7682926829
468,0,1,male,56.0,0,0,113792,26.55,,S,26,Mr.,0,41.5804597701
469,0,3,male,28.7248908297,0,0,36209,7.725,,Q,18,Mr.,1,28.7248908297
470,1,3,female,0.75,2,1,2666,19.2583,,C,29,Miss.,0,16.1231884058
471,0,3,male,28.7248908297,0,0,323592,7.25,,S,17,Mr.,1,28.7248908297
472,0,3,male,38.0,0,0,315089,8.6625,,S,15,Mr.,0,28.7248908297
473,1,2,female,33.0,1,2,C.A. 34651,27.75,,S,39,Mrs.,0,33.6829268293
474,1,2,female,23.0,0,0,SC/AH Basle 541,13.7917,D,C,44,Mrs.,0,33.6829268293
475,0,3,female,22.0,0,0,7553,9.8375,,S,27,Miss.,0,16.1231884058
476,0,1,male,41.5804597701,0,0,110465,52.0,A14,S,27,Mr.,1,41.5804597701
477,0,2,male,34.0,1,0,31027,21.0,,S,23,Mr.,0,32.7682926829
478,0,3,male,29.0,1,0,3460,7.0458,,S,25,Mr.,0,28.7248908297
479,0,3,male,22.0,0,0,350060,7.5208,,S,25,Mr.,0,28.7248908297
480,1,3,female,2.0,0,1,3101298,12.2875,,S,24,Miss.,0,16.1231884058
481,0,3,male,9.0,5,2,CA 2144,46.9,,S,30,Master.,0,5.35083333333
482,0,2,male,32.7682926829,0,0,239854,0.0,,S,32,Mr.,1,32.7682926829
483,0,3,male,50.0,0,0,A/5 3594,8.05,,S,24,Mr.,0,28.7248908297
484,1,3,female,63.0,0,0,4134,9.5875,,S,22,Mrs.,0,33.5151515152
485,1,1,male,25.0,1,0,11967,91.0792,B49,C,23,Mr.,0,41.5804597701
486,0,3,female,16.1231884058,3,1,4133,25.4667,,S,22,Miss.,1,16.1231884058
487,1,1,female,35.0,1,0,19943,90.0,C93,S,47,Mrs.,0,40.8823529412
488,0,1,male,58.0,0,0,11771,29.7,B37,C,23,Mr.,0,41.5804597701
489,0,3,male,30.0,0,0,A.5. 18509,8.05,,S,29,Mr.,0,28.7248908297
490,1,3,male,9.0,1,1,C.A. 37671,15.9,,S,37,Master.,0,5.35083333333
491,0,3,male,28.7248908297,1,0,65304,19.9667,,S,36,Mr.,1,28.7248908297
492,0,3,male,21.0,0,0,SOTON/OQ 3101317,7.25,,S,19,Mr.,0,28.7248908297
493,0,1,male,55.0,0,0,113787,30.5,C30,S,26,Mr.,0,41.5804597701
494,0,1,male,71.0,0,0,PC 17609,49.5042,,C,23,Mr.,0,41.5804597701
495,0,3,male,21.0,0,0,A/4 45380,8.05,,S,26,Mr.,0,28.7248908297
496,0,3,male,28.7248908297,0,0,2627,14.4583,,C,21,Mr.,1,28.7248908297
497,1,1,female,54.0,1,0,36947,78.2667,D20,C,30,Miss.,0,30.0
498,0,3,male,28.7248908297,0,0,C.A. 6212,15.1,,S,31,Mr.,1,28.7248908297
499,0,1,female,25.0,1,2,113781,151.55,C22 C26,S,47,Mrs.,0,40.8823529412
500,0,3,male,24.0,0,0,350035,7.7958,,S,18,Mr.,0,28.7248908297
501,0,3,male,17.0,0,0,315086,8.6625,,S,16,Mr.,0,28.7248908297
502,0,3,female,21.0,0,0,364846,7.75,,Q,19,Miss.,0,16.1231884058
503,0,3,female,16.1231884058,0,0,330909,7.6292,,Q,30,Miss.,1,16.1231884058
504,0,3,female,37.0,0,0,4135,9.5875,,S,30,Miss.,0,16.1231884058
505,1,1,female,16.0,0,0,110152,86.5,B79,S,21,Miss.,0,30.0
506,0,1,male,18.0,1,0,PC 17758,108.9,C65,C,42,Mr.,0,41.5804597701
507,1,2,female,33.0,0,2,26360,26.0,,S,45,Mrs.,0,33.6829268293
508,1,1,male,41.5804597701,0,0,111427,26.55,,S,45,Mr.,1,41.5804597701
509,0,3,male,28.0,0,0,C 4001,22.525,,S,24,Mr.,0,28.7248908297
510,1,3,male,26.0,0,0,1601,56.4958,,S,14,Mr.,0,28.7248908297
511,1,3,male,29.0,0,0,382651,7.75,,Q,24,Mr.,0,28.7248908297
512,0,3,male,28.7248908297,0,0,SOTON/OQ 3101316,8.05,,S,17,Mr.,1,28.7248908297
513,1,1,male,36.0,0,0,PC 17473,26.2875,E25,S,25,Mr.,0,41.5804597701
514,1,1,female,54.0,1,0,PC 17603,59.4,,C,46,Mrs.,0,40.8823529412
515,0,3,male,24.0,0,0,349209,7.4958,,S,17,Mr.,0,28.7248908297
516,0,1,male,47.0,0,0,36967,34.0208,D46,S,28,Mr.,0,41.5804597701
517,1,2,female,34.0,0,0,C.A. 34260,10.5,F33,S,28,Mrs.,0,33.6829268293
518,0,3,male,28.7248908297,0,0,371110,24.15,,Q,17,Mr.,1,28.7248908297
519,1,2,female,36.0,1,0,226875,26.0,,S,52,Mrs.,0,33.6829268293
520,0,3,male,32.0,0,0,349242,7.8958,,S,19,Mr.,0,28.7248908297
521,1,1,female,30.0,0,0,12749,93.5,B73,S,21,Miss.,0,30.0
522,0,3,male,22.0,0,0,349252,7.8958,,S,15,Mr.,0,28.7248908297
523,0,3,male,28.7248908297,0,0,2624,7.225,,C,18,Mr.,1,28.7248908297
524,1,1,female,44.0,0,1,111361,57.9792,B18,C,47,Mrs.,0,40.8823529412
525,0,3,male,28.7248908297,0,0,2700,7.2292,,C,17,Mr.,1,28.7248908297
526,0,3,male,40.5,0,0,367232,7.75,,Q,18,Mr.,0,28.7248908297
527,1,2,female,50.0,0,0,W./C. 14258,10.5,,S,20,Miss.,0,22.390625
528,0,1,male,41.5804597701,0,0,PC 17483,221.7792,C95,S,18,Mr.,1,41.5804597701
529,0,3,male,39.0,0,0,3101296,7.925,,S,25,Mr.,0,28.7248908297
530,0,2,male,23.0,2,1,29104,11.5,,S,27,Mr.,0,32.7682926829
531,1,2,female,2.0,1,1,26360,26.0,,S,24,Miss.,0,22.390625
532,0,3,male,28.7248908297,0,0,2641,7.2292,,C,17,Mr.,1,28.7248908297
533,0,3,male,17.0,1,1,2690,7.2292,,C,20,Mr.,0,28.7248908297
534,1,3,female,33.5151515152,0,2,2668,22.3583,,C,38,Mrs.,1,33.5151515152
535,0,3,female,30.0,0,0,315084,8.6625,,S,19,Miss.,0,16.1231884058
536,1,2,female,7.0,0,2,F.C.C. 13529,26.25,,S,22,Miss.,0,22.390625
537,0,1,male,45.0,0,0,113050,26.55,B38,S,33,Major.,0,48.5
538,1,1,female,30.0,0,0,PC 17761,106.425,,C,19,Miss.,0,30.0
539,0,3,male,28.7248908297,0,0,364498,14.5,,S,24,Mr.,1,28.7248908297
540,1,1,female,22.0,0,2,13568,49.5,B39,C,34,Miss.,0,30.0
541,1,1,female,36.0,0,2,WE/P 5735,71.0,B22,S,23,Miss.,0,30.0
542,0,3,female,9.0,4,2,347082,31.275,,S,36,Miss.,0,16.1231884058
543,0,3,female,11.0,4,2,347082,31.275,,S,33,Miss.,0,16.1231884058
544,1,2,male,32.0,1,0,2908,26.0,,S,17,Mr.,0,32.7682926829
545,0,1,male,50.0,1,0,PC 17761,106.425,C86,C,26,Mr.,0,41.5804597701
546,0,1,male,64.0,0,0,693,26.0,,S,28,Mr.,0,41.5804597701
547,1,2,female,19.0,1,0,2908,26.0,,S,33,Mrs.,0,33.6829268293
548,1,2,male,32.7682926829,0,0,SC/PARIS 2146,13.8625,,C,26,Mr.,1,32.7682926829
549,0,3,male,33.0,1,1,363291,20.525,,S,25,Mr.,0,28.7248908297
550,1,2,male,8.0,1,1,C.A. 33112,36.75,,S,30,Master.,0,2.25888888889
551,1,1,male,17.0,0,2,17421,110.8833,C70,C,27,Mr.,0,41.5804597701
552,0,2,male,27.0,0,0,244358,26.0,,S,27,Mr.,0,32.7682926829
553,0,3,male,28.7248908297,0,0,330979,7.8292,,Q,20,Mr.,1,28.7248908297
554,1,3,male,22.0,0,0,2620,7.225,,C,33,Mr.,0,28.7248908297
555,1,3,female,22.0,0,0,347085,7.775,,S,18,Miss.,0,16.1231884058
556,0,1,male,62.0,0,0,113807,26.55,,S,18,Mr.,0,41.5804597701
557,1,1,female,48.0,1,0,11755,39.6,A16,C,65,Lady.,0,48.0
558,0,1,male,41.5804597701,0,0,PC 17757,227.525,,C,19,Mr.,1,41.5804597701
559,1,1,female,39.0,1,1,110413,79.65,E67,S,38,Mrs.,0,40.8823529412
560,1,3,female,36.0,1,0,345572,17.4,,S,44,Mrs.,0,33.5151515152
561,0,3,male,28.7248908297,0,0,372622,7.75,,Q,24,Mr.,1,28.7248908297
562,0,3,male,40.0,0,0,349251,7.8958,,S,17,Mr.,0,28.7248908297
563,0,2,male,28.0,0,0,218629,13.5,,S,26,Mr.,0,32.7682926829
564,0,3,male,28.7248908297,0,0,SOTON/OQ 392082,8.05,,S,17,Mr.,1,28.7248908297
565,0,3,female,16.1231884058,0,0,SOTON/O.Q. 392087,8.05,,S,30,Miss.,1,16.1231884058
566,0,3,male,24.0,2,0,A/4 48871,24.15,,S,20,Mr.,0,28.7248908297
567,0,3,male,19.0,0,0,349205,7.8958,,S,20,Mr.,0,28.7248908297
568,0,3,female,29.0,0,4,349909,21.075,,S,43,Mrs.,0,33.5151515152
569,0,3,male,28.7248908297,0,0,2686,7.2292,,C,19,Mr.,1,28.7248908297
570,1,3,male,32.0,0,0,350417,7.8542,,S,17,Mr.,0,28.7248908297
571,1,2,male,62.0,0,0,S.W./PP 752,10.5,,S,18,Mr.,0,32.7682926829
572,1,1,female,53.0,2,0,11769,51.4792,C101,S,45,Mrs.,0,40.8823529412
573,1,1,male,36.0,0,0,PC 17474,26.3875,E25,S,32,Mr.,0,41.5804597701
574,1,3,female,16.1231884058,0,0,14312,7.75,,Q,17,Miss.,1,16.1231884058
575,0,3,male,16.0,0,0,A/4. 20589,8.05,,S,28,Mr.,0,28.7248908297
576,0,3,male,19.0,0,0,358585,14.5,,S,20,Mr.,0,28.7248908297
577,1,2,female,34.0,0,0,243880,13.0,,S,20,Miss.,0,22.390625
578,1,1,female,39.0,1,0,13507,55.9,E44,S,41,Mrs.,0,40.8823529412
579,0,3,female,33.5151515152,1,0,2689,14.4583,,C,32,Mrs.,1,33.5151515152
580,1,3,male,32.0,0,0,STON/O 2. 3101286,7.925,,S,19,Mr.,0,28.7248908297
581,1,2,female,25.0,1,1,237789,30.0,,S,27,Miss.,0,22.390625
582,1,1,female,39.0,1,1,17421,110.8833,C68,C,52,Mrs.,0,40.8823529412
583,0,2,male,54.0,0,0,28403,26.0,,S,26,Mr.,0,32.7682926829
584,0,1,male,36.0,0,0,13049,40.125,A10,C,19,Mr.,0,41.5804597701
585,0,3,male,28.7248908297,0,0,3411,8.7125,,C,19,Mr.,1,28.7248908297
586,1,1,female,18.0,0,2,110413,79.65,E68,S,19,Miss.,0,30.0
587,0,2,male,47.0,0,0,237565,15.0,,S,23,Mr.,0,32.7682926829
588,1,1,male,60.0,1,1,13567,79.2,B41,C,32,Mr.,0,41.5804597701
589,0,3,male,22.0,0,0,14973,8.05,,S,21,Mr.,0,28.7248908297
590,0,3,male,28.7248908297,0,0,A./5. 3235,8.05,,S,19,Mr.,1,28.7248908297
591,0,3,male,35.0,0,0,STON/O 2. 3101273,7.125,,S,20,Mr.,0,28.7248908297
592,1,1,female,52.0,1,0,36947,78.2667,D20,C,47,Mrs.,0,40.8823529412
593,0,3,male,47.0,0,0,A/5 3902,7.25,,S,26,Mr.,0,28.7248908297
594,0,3,female,16.1231884058,0,2,364848,7.75,,Q,18,Miss.,1,16.1231884058
595,0,2,male,37.0,1,0,SC/AH 29037,26.0,,S,23,Mr.,0,32.7682926829
596,0,3,male,36.0,1,1,345773,24.15,,S,27,Mr.,0,28.7248908297
597,1,2,female,22.390625,0,0,248727,33.0,,S,26,Miss.,1,22.390625
598,0,3,male,49.0,0,0,LINE,0.0,,S,19,Mr.,0,28.7248908297
599,0,3,male,28.7248908297,0,0,2664,7.225,,C,17,Mr.,1,28.7248908297
600,1,1,male,49.0,1,0,PC 17485,56.9292,A20,C,44,Sir.,0,49.0
601,1,2,female,24.0,2,1,243847,27.0,,S,51,Mrs.,0,33.6829268293
602,0,3,male,28.7248908297,0,0,349214,7.8958,,S,20,Mr.,1,28.7248908297
603,0,1,male,41.5804597701,0,0,113796,42.4,,S,25,Mr.,1,41.5804597701
604,0,3,male,44.0,0,0,364511,8.05,,S,25,Mr.,0,28.7248908297
605,1,1,male,35.0,0,0,111426,26.55,,C,31,Mr.,0,41.5804597701
606,0,3,male,36.0,1,0,349910,15.55,,S,29,Mr.,0,28.7248908297
607,0,3,male,30.0,0,0,349246,7.8958,,S,17,Mr.,0,28.7248908297
608,1,1,male,27.0,0,0,113804,30.5,,S,27,Mr.,0,41.5804597701
609,1,2,female,22.0,1,2,SC/Paris 2123,41.5792,,C,53,Mrs.,0,33.6829268293
610,1,1,female,40.0,0,0,PC 17582,153.4625,C125,S,25,Miss.,0,30.0
611,0,3,female,39.0,1,5,347082,31.275,,S,57,Mrs.,0,33.5151515152
612,0,3,male,28.7248908297,0,0,SOTON/O.Q. 3101305,7.05,,S,21,Mr.,1,28.7248908297
613,1,3,female,16.1231884058,1,0,367230,15.5,,Q,27,Miss.,1,16.1231884058
614,0,3,male,28.7248908297,0,0,370377,7.75,,Q,16,Mr.,1,28.7248908297
615,0,3,male,35.0,0,0,364512,8.05,,S,31,Mr.,0,28.7248908297
616,1,2,female,24.0,1,2,220845,65.0,,S,19,Miss.,0,22.390625
617,0,3,male,34.0,1,1,347080,14.4,,S,25,Mr.,0,28.7248908297
618,0,3,female,26.0,1,0,A/5. 3336,16.1,,S,47,Mrs.,0,33.5151515152
619,1,2,female,4.0,2,1,230136,39.0,F4,S,27,Miss.,0,22.390625
620,0,2,male,26.0,0,0,31028,10.5,,S,19,Mr.,0,32.7682926829
621,0,3,male,27.0,1,0,2659,14.4542,,C,19,Mr.,0,28.7248908297
622,1,1,male,42.0,1,0,11753,52.5542,D19,S,28,Mr.,0,41.5804597701
623,1,3,male,20.0,1,1,2653,15.7417,,C,16,Mr.,0,28.7248908297
624,0,3,male,21.0,0,0,350029,7.8542,,S,27,Mr.,0,28.7248908297
625,0,3,male,21.0,0,0,54636,16.1,,S,27,Mr.,0,28.7248908297
626,0,1,male,61.0,0,0,36963,32.3208,D50,S,21,Mr.,0,41.5804597701
627,0,2,male,57.0,0,0,219533,12.35,,Q,30,Rev.,0,43.1666666667
628,1,1,female,21.0,0,0,13502,77.9583,D9,S,29,Miss.,0,30.0
629,0,3,male,26.0,0,0,349224,7.8958,,S,25,Mr.,0,28.7248908297
630,0,3,male,28.7248908297,0,0,334912,7.7333,,Q,24,Mr.,1,28.7248908297
631,1,1,male,80.0,0,0,27042,30.0,A23,S,36,Mr.,0,41.5804597701
632,0,3,male,51.0,0,0,347743,7.0542,,S,27,Mr.,0,28.7248908297
633,1,1,male,32.0,0,0,13214,30.5,B50,C,25,Dr.,0,43.75
634,0,1,male,41.5804597701,0,0,112052,0.0,,S,29,Mr.,1,41.5804597701
635,0,3,female,9.0,3,2,347088,27.9,,S,18,Miss.,0,16.1231884058
636,1,2,female,28.0,0,0,237668,13.0,,S,17,Miss.,0,22.390625
637,0,3,male,32.0,0,0,STON/O 2. 3101292,7.925,,S,26,Mr.,0,28.7248908297
638,0,2,male,31.0,1,1,C.A. 31921,26.25,,S,19,Mr.,0,32.7682926829
639,0,3,female,41.0,0,5,3101295,39.6875,,S,38,Mrs.,0,33.5151515152
640,0,3,male,28.7248908297,1,0,376564,16.1,,S,26,Mr.,1,28.7248908297
641,0,3,male,20.0,0,0,350050,7.8542,,S,22,Mr.,0,28.7248908297
642,1,1,female,24.0,0,0,PC 17477,69.3,B35,C,20,Mlle.,0,24.0
643,0,3,female,2.0,3,2,347088,27.9,,S,29,Miss.,0,16.1231884058
644,1,3,male,28.7248908297,0,0,1601,56.4958,,S,15,Mr.,1,28.7248908297
645,1,3,female,0.75,2,1,2666,19.2583,,C,22,Miss.,0,16.1231884058
646,1,1,male,48.0,1,0,PC 17572,76.7292,D33,C,25,Mr.,0,41.5804597701
647,0,3,male,19.0,0,0,349231,7.8958,,S,17,Mr.,0,28.7248908297
648,1,1,male,56.0,0,0,13213,35.5,A26,C,35,Col.,0,58.0
649,0,3,male,28.7248908297,0,0,S.O./P.P. 751,7.55,,S,18,Mr.,1,28.7248908297
650,1,3,female,23.0,0,0,CA. 2314,7.55,,S,31,Miss.,0,16.1231884058
651,0,3,male,28.7248908297,0,0,349221,7.8958,,S,17,Mr.,1,28.7248908297
652,1,2,female,18.0,0,1,231919,23.0,,S,19,Miss.,0,22.390625
653,0,3,male,21.0,0,0,8475,8.4333,,S,30,Mr.,0,28.7248908297
654,1,3,female,16.1231884058,0,0,330919,7.8292,,Q,29,Miss.,1,16.1231884058
655,0,3,female,18.0,0,0,365226,6.75,,Q,28,Miss.,0,16.1231884058
656,0,2,male,24.0,2,0,S.O.C. 14879,73.5,,S,25,Mr.,0,32.7682926829
657,0,3,male,28.7248908297,0,0,349223,7.8958,,S,21,Mr.,1,28.7248908297
658,0,3,female,32.0,1,1,364849,15.5,,Q,29,Mrs.,0,33.5151515152
659,0,2,male,23.0,0,0,29751,13.0,,S,28,Mr.,0,32.7682926829
660,0,1,male,58.0,0,2,35273,113.275,D48,C,26,Mr.,0,41.5804597701
661,1,1,male,50.0,2,0,PC 17611,133.65,,S,29,Dr.,0,43.75
662,0,3,male,40.0,0,0,2623,7.225,,C,17,Mr.,0,28.7248908297
663,0,1,male,47.0,0,0,5727,25.5875,E58,S,26,Mr.,0,41.5804597701
664,0,3,male,36.0,0,0,349210,7.4958,,S,16,Mr.,0,28.7248908297
665,1,3,male,20.0,1,0,STON/O 2. 3101285,7.925,,S,27,Mr.,0,28.7248908297
666,0,2,male,32.0,2,0,S.O.C. 14879,73.5,,S,18,Mr.,0,32.7682926829
667,0,2,male,25.0,0,0,234686,13.0,,S,27,Mr.,0,32.7682926829
668,0,3,male,28.7248908297,0,0,312993,7.775,,S,26,Mr.,1,28.7248908297
669,0,3,male,43.0,0,0,A/5 3536,8.05,,S,15,Mr.,0,28.7248908297
670,1,1,female,40.8823529412,1,0,19996,52.0,C126,S,49,Mrs.,1,40.8823529412
671,1,2,female,40.0,1,1,29750,39.0,,S,61,Mrs.,0,33.6829268293
672,0,1,male,31.0,1,0,F.C. 12750,52.0,B71,S,22,Mr.,0,41.5804597701
673,0,2,male,70.0,0,0,C.A. 24580,10.5,,S,27,Mr.,0,32.7682926829
674,1,2,male,31.0,0,0,244270,13.0,,S,21,Mr.,0,32.7682926829
675,0,2,male,32.7682926829,0,0,239856,0.0,,S,26,Mr.,1,32.7682926829
676,0,3,male,18.0,0,0,349912,7.775,,S,30,Mr.,0,28.7248908297
677,0,3,male,24.5,0,0,342826,8.05,,S,29,Mr.,0,28.7248908297
678,1,3,female,18.0,0,0,4138,9.8417,,S,23,Miss.,0,16.1231884058
679,0,3,female,43.0,1,6,CA 2144,46.9,,S,39,Mrs.,0,33.5151515152
680,1,1,male,36.0,0,1,PC 17755,512.3292,B51 B53 B55,C,34,Mr.,0,41.5804597701
681,0,3,female,16.1231884058,0,0,330935,8.1375,,Q,19,Miss.,1,16.1231884058
682,1,1,male,27.0,0,0,PC 17572,76.7292,D49,C,18,Mr.,0,41.5804597701
683,0,3,male,20.0,0,0,6563,9.225,,S,27,Mr.,0,28.7248908297
684,0,3,male,14.0,5,2,CA 2144,46.9,,S,27,Mr.,0,28.7248908297
685,0,2,male,60.0,1,1,29750,39.0,,S,33,Mr.,0,32.7682926829
686,0,2,male,25.0,1,2,SC/Paris 2123,41.5792,,C,38,Mr.,0,32.7682926829
687,0,3,male,14.0,4,1,3101295,39.6875,,S,24,Mr.,0,28.7248908297
688,0,3,male,19.0,0,0,349228,10.1708,,S,17,Mr.,0,28.7248908297
689,0,3,male,18.0,0,0,350036,7.7958,,S,31,Mr.,0,28.7248908297
690,1,1,female,15.0,0,1,24160,211.3375,B5,S,33,Miss.,0,30.0
691,1,1,male,31.0,1,0,17474,57.0,B20,S,23,Mr.,0,41.5804597701
692,1,3,female,4.0,0,1,349256,13.4167,,C,18,Miss.,0,16.1231884058
693,1,3,male,28.7248908297,0,0,1601,56.4958,,S,12,Mr.,1,28.7248908297
694,0,3,male,25.0,0,0,2672,7.225,,C,16,Mr.,0,28.7248908297
695,0,1,male,60.0,0,0,113800,26.55,,S,15,Col.,0,58.0
696,0,2,male,52.0,0,0,248731,13.5,,S,26,Mr.,0,32.7682926829
697,0,3,male,44.0,0,0,363592,8.05,,S,16,Mr.,0,28.7248908297
698,1,3,female,16.1231884058,0,0,35852,7.7333,,Q,32,Miss.,1,16.1231884058
699,0,1,male,49.0,1,1,17421,110.8833,C68,C,24,Mr.,0,41.5804597701
700,0,3,male,42.0,0,0,348121,7.65,F G63,S,40,Mr.,0,28.7248908297
701,1,1,female,18.0,1,0,PC 17757,227.525,C62 C64,C,49,Mrs.,0,40.8823529412
702,1,1,male,35.0,0,0,PC 17475,26.2875,E24,S,32,Mr.,0,41.5804597701
703,0,3,female,18.0,0,1,2691,14.4542,,C,21,Miss.,0,16.1231884058
704,0,3,male,25.0,0,0,36864,7.7417,,Q,21,Mr.,0,28.7248908297
705,0,3,male,26.0,1,0,350025,7.8542,,S,23,Mr.,0,28.7248908297
706,0,2,male,39.0,0,0,250655,26.0,,S,46,Mr.,0,32.7682926829
707,1,2,female,45.0,0,0,223596,13.5,,S,29,Mrs.,0,33.6829268293
708,1,1,male,42.0,0,0,PC 17476,26.2875,E24,S,33,Mr.,0,41.5804597701
709,1,1,female,22.0,0,0,113781,151.55,,S,20,Miss.,0,30.0
710,1,3,male,5.35083333333,1,1,2661,15.2458,,C,49,Master.,1,5.35083333333
711,1,1,female,24.0,0,0,PC 17482,49.5042,C90,C,48,Mlle.,0,24.0
712,0,1,male,41.5804597701,0,0,113028,26.55,C124,S,18,Mr.,1,41.5804597701
713,1,1,male,48.0,1,0,19996,52.0,C126,S,24,Mr.,0,41.5804597701
714,0,3,male,29.0,0,0,7545,9.4833,,S,26,Mr.,0,28.7248908297
715,0,2,male,52.0,0,0,250647,13.0,,S,21,Mr.,0,32.7682926829
716,0,3,male,19.0,0,0,348124,7.65,F G73,S,42,Mr.,0,28.7248908297
717,1,1,female,38.0,0,0,PC 17757,227.525,C45,C,29,Miss.,0,30.0
718,1,2,female,27.0,0,0,34218,10.5,E101,S,35,Miss.,0,22.390625
719,0,3,male,28.7248908297,0,0,36568,15.5,,Q,19,Mr.,1,28.7248908297
720,0,3,male,33.0,0,0,347062,7.775,,S,28,Mr.,0,28.7248908297
721,1,2,female,6.0,0,1,248727,33.0,,S,33,Miss.,0,22.390625
722,0,3,male,17.0,1,0,350048,7.0542,,S,25,Mr.,0,28.7248908297
723,0,2,male,34.0,0,0,12233,13.0,,S,28,Mr.,0,32.7682926829
724,0,2,male,50.0,0,0,250643,13.0,,S,23,Mr.,0,32.7682926829
725,1,1,male,27.0,1,0,113806,53.1,E8,S,29,Mr.,0,41.5804597701
726,0,3,male,20.0,0,0,315094,8.6625,,S,19,Mr.,0,28.7248908297
727,1,2,female,30.0,3,0,31027,21.0,,S,43,Mrs.,0,33.6829268293
728,1,3,female,16.1231884058,0,0,36866,7.7375,,Q,24,Miss.,1,16.1231884058
729,0,2,male,25.0,1,0,236853,26.0,,S,31,Mr.,0,32.7682926829
730,0,3,female,25.0,1,0,STON/O2. 3101271,7.925,,S,29,Miss.,0,16.1231884058
731,1,1,female,29.0,0,0,24160,211.3375,B5,S,29,Miss.,0,30.0
732,0,3,male,11.0,0,0,2699,18.7875,,C,24,Mr.,0,28.7248908297
733,0,2,male,32.7682926829,0,0,239855,0.0,,S,20,Mr.,1,32.7682926829
734,0,2,male,23.0,0,0,28425,13.0,,S,26,Mr.,0,32.7682926829
735,0,2,male,23.0,0,0,233639,13.0,,S,28,Mr.,0,32.7682926829
736,0,3,male,28.5,0,0,54636,16.1,,S,20,Mr.,0,28.7248908297
737,0,3,female,48.0,1,3,W./C. 6608,34.375,,S,39,Mrs.,0,33.5151515152
738,1,1,male,35.0,0,0,PC 17755,512.3292,B101,C,22,Mr.,0,41.5804597701
739,0,3,male,28.7248908297,0,0,349201,7.8958,,S,18,Mr.,1,28.7248908297
740,0,3,male,28.7248908297,0,0,349218,7.8958,,S,18,Mr.,1,28.7248908297
741,1,1,male,41.5804597701,0,0,16988,30.0,D45,S,27,Mr.,1,41.5804597701
742,0,1,male,36.0,1,0,19877,78.85,C46,S,29,Mr.,0,41.5804597701
743,1,1,female,21.0,2,2,PC 17608,262.375,B57 B59 B63 B66,C,37,Miss.,0,30.0
744,0,3,male,24.0,1,0,376566,16.1,,S,17,Mr.,0,28.7248908297
745,1,3,male,31.0,0,0,STON/O 2. 3101288,7.925,,S,18,Mr.,0,28.7248908297
746,0,1,male,70.0,1,1,WE/P 5735,71.0,B22,S,28,Capt.,0,70.0
747,0,3,male,16.0,1,1,C.A. 2673,20.25,,S,27,Mr.,0,28.7248908297
748,1,2,female,30.0,0,0,250648,13.0,,S,21,Miss.,0,22.390625
749,0,1,male,19.0,1,0,113773,53.1,D30,S,25,Mr.,0,41.5804597701
750,0,3,male,31.0,0,0,335097,7.75,,Q,23,Mr.,0,28.7248908297
751,1,2,female,4.0,1,1,29103,23.0,,S,17,Miss.,0,22.390625
752,1,3,male,6.0,0,1,392096,12.475,E121,S,19,Master.,0,5.35083333333
753,0,3,male,33.0,0,0,345780,9.5,,S,32,Mr.,0,28.7248908297
754,0,3,male,23.0,0,0,349204,7.8958,,S,18,Mr.,0,28.7248908297
755,1,2,female,48.0,1,2,220845,65.0,,S,32,Mrs.,0,33.6829268293
756,1,2,male,0.67,1,1,250649,14.5,,S,25,Master.,0,2.25888888889
757,0,3,male,28.0,0,0,350042,7.7958,,S,28,Mr.,0,28.7248908297
758,0,2,male,18.0,0,0,29108,11.5,,S,24,Mr.,0,32.7682926829
759,0,3,male,34.0,0,0,363294,8.05,,S,28,Mr.,0,28.7248908297
760,1,1,female,33.0,0,0,110152,86.5,B77,S,56,the,0,33.0
761,0,3,male,28.7248908297,0,0,358585,14.5,,S,18,Mr.,1,28.7248908297
762,0,3,male,41.0,0,0,SOTON/O2 3101272,7.125,,S,30,Mr.,0,28.7248908297
763,1,3,male,20.0,0,0,2663,7.2292,,C,21,Mr.,0,28.7248908297
764,1,1,female,36.0,1,2,113760,120.0,B96 B98,S,41,Mrs.,0,40.8823529412
765,0,3,male,16.0,0,0,347074,7.775,,S,22,Mr.,0,28.7248908297
766,1,1,female,51.0,1,0,13502,77.9583,D11,S,36,Mrs.,0,40.8823529412
767,0,1,male,43.75,0,0,112379,39.6,,C,25,Dr.,1,43.75
768,0,3,female,30.5,0,0,364850,7.75,,Q,18,Miss.,0,16.1231884058
769,0,3,male,28.7248908297,1,0,371110,24.15,,Q,19,Mr.,1,28.7248908297
770,0,3,male,32.0,0,0,8471,8.3625,,S,32,Mr.,0,28.7248908297
771,0,3,male,24.0,0,0,345781,9.5,,S,22,Mr.,0,28.7248908297
772,0,3,male,48.0,0,0,350047,7.8542,,S,23,Mr.,0,28.7248908297
773,0,2,female,57.0,0,0,S.O./P.P. 3,10.5,E77,S,17,Mrs.,0,33.6829268293
774,0,3,male,28.7248908297,0,0,2674,7.225,,C,15,Mr.,1,28.7248908297
775,1,2,female,54.0,1,3,29105,23.0,,S,37,Mrs.,0,33.6829268293
776,0,3,male,18.0,0,0,347078,7.75,,S,39,Mr.,0,28.7248908297
777,0,3,male,28.7248908297,0,0,383121,7.75,F38,Q,16,Mr.,1,28.7248908297
778,1,3,female,5.0,0,0,364516,12.475,,S,29,Miss.,0,16.1231884058
779,0,3,male,28.7248908297,0,0,36865,7.7375,,Q,23,Mr.,1,28.7248908297
780,1,1,female,43.0,0,1,24160,211.3375,B3,S,53,Mrs.,0,40.8823529412
781,1,3,female,13.0,0,0,2687,7.2292,,C,20,Miss.,0,16.1231884058
782,1,1,female,17.0,1,0,17474,57.0,B20,S,41,Mrs.,0,40.8823529412
783,0,1,male,29.0,0,0,113501,30.0,D6,S,22,Mr.,0,41.5804597701
784,0,3,male,28.7248908297,1,2,W./C. 6607,23.45,,S,22,Mr.,1,28.7248908297
785,0,3,male,25.0,0,0,SOTON/O.Q. 3101312,7.05,,S,16,Mr.,0,28.7248908297
786,0,3,male,25.0,0,0,374887,7.25,,S,34,Mr.,0,28.7248908297
787,1,3,female,18.0,0,0,3101265,7.4958,,S,25,Miss.,0,16.1231884058
788,0,3,male,8.0,4,1,382652,29.125,,Q,25,Master.,0,5.35083333333
789,1,3,male,1.0,1,2,C.A. 2315,20.575,,S,26,Master.,0,5.35083333333
790,0,1,male,46.0,0,0,PC 17593,79.2,B82 B84,C,24,Mr.,0,41.5804597701
791,0,3,male,28.7248908297,0,0,12460,7.75,,Q,24,Mr.,1,28.7248908297
792,0,2,male,16.0,0,0,239865,26.0,,S,19,Mr.,0,32.7682926829
793,0,3,female,16.1231884058,8,2,CA. 2343,69.55,,S,23,Miss.,1,16.1231884058
794,0,1,male,41.5804597701,0,0,PC 17600,30.6958,,C,24,Mr.,1,41.5804597701
795,0,3,male,25.0,0,0,349203,7.8958,,S,21,Mr.,0,28.7248908297
796,0,2,male,39.0,0,0,28213,13.0,,S,18,Mr.,0,32.7682926829
797,1,1,female,49.0,0,0,17465,25.9292,D17,S,27,Dr.,0,43.75
798,1,3,female,31.0,0,0,349244,8.6833,,S,16,Mrs.,0,33.5151515152
799,0,3,male,30.0,0,0,2685,7.2292,,C,28,Mr.,0,28.7248908297
800,0,3,female,30.0,1,1,345773,24.15,,S,52,Mrs.,0,33.5151515152
801,0,2,male,34.0,0,0,250647,13.0,,S,20,Mr.,0,32.7682926829
802,1,2,female,31.0,1,1,C.A. 31921,26.25,,S,43,Mrs.,0,33.6829268293
803,1,1,male,11.0,1,2,113760,120.0,B96 B98,S,35,Master.,0,5.30666666667
804,1,3,male,0.42,0,1,2625,8.5167,,C,31,Master.,0,5.35083333333
805,1,3,male,27.0,0,0,347089,6.975,,S,23,Mr.,0,28.7248908297
806,0,3,male,31.0,0,0,347063,7.775,,S,25,Mr.,0,28.7248908297
807,0,1,male,39.0,0,0,112050,0.0,A36,S,22,Mr.,0,41.5804597701
808,0,3,female,18.0,0,0,347087,7.775,,S,31,Miss.,0,16.1231884058
809,0,2,male,39.0,0,0,248723,13.0,,S,17,Mr.,0,32.7682926829
810,1,1,female,33.0,1,0,113806,53.1,E8,S,46,Mrs.,0,40.8823529412
811,0,3,male,26.0,0,0,3474,7.8875,,S,22,Mr.,0,28.7248908297
812,0,3,male,39.0,0,0,A/4 48871,24.15,,S,17,Mr.,0,28.7248908297
813,0,2,male,35.0,0,0,28206,10.5,,S,25,Mr.,0,32.7682926829
814,0,3,female,6.0,4,2,347082,31.275,,S,34,Miss.,0,16.1231884058
815,0,3,male,30.5,0,0,364499,8.05,,S,26,Mr.,0,28.7248908297
816,0,1,male,41.5804597701,0,0,112058,0.0,B102,S,16,Mr.,1,41.5804597701
817,0,3,female,23.0,0,0,STON/O2. 3101290,7.925,,S,28,Miss.,0,16.1231884058
818,0,2,male,31.0,1,1,S.C./PARIS 2079,37.0042,,C,18,Mr.,0,32.7682926829
819,0,3,male,43.0,0,0,C 7075,6.45,,S,32,Mr.,0,28.7248908297
820,0,3,male,10.0,3,2,347088,27.9,,S,28,Master.,0,5.35083333333
821,1,1,female,52.0,1,1,12749,93.5,B69,S,50,Mrs.,0,40.8823529412
822,1,3,male,27.0,0,0,315098,8.6625,,S,17,Mr.,0,28.7248908297
823,0,1,male,38.0,0,0,19972,0.0,,S,31,Jonkheer.,0,38.0
824,1,3,female,27.0,0,1,392096,12.475,E121,S,18,Mrs.,0,33.5151515152
825,0,3,male,2.0,4,1,3101295,39.6875,,S,28,Master.,0,5.35083333333
826,0,3,male,28.7248908297,0,0,368323,6.95,,Q,15,Mr.,1,28.7248908297
827,0,3,male,28.7248908297,0,0,1601,56.4958,,S,12,Mr.,1,28.7248908297
828,1,2,male,1.0,0,2,S.C./PARIS 2079,37.0042,,C,21,Master.,0,2.25888888889
829,1,3,male,28.7248908297,0,0,367228,7.75,,Q,28,Mr.,1,28.7248908297
830,1,1,female,62.0,0,0,113572,80.0,B28,,41,Mrs.,0,40.8823529412
831,1,3,female,15.0,1,0,2659,14.4542,,C,39,Mrs.,0,33.5151515152
832,1,2,male,0.83,1,1,29106,18.75,,S,31,Master.,0,2.25888888889
833,0,3,male,28.7248908297,0,0,2671,7.2292,,C,14,Mr.,1,28.7248908297
834,0,3,male,23.0,0,0,347468,7.8542,,S,22,Mr.,0,28.7248908297
835,0,3,male,18.0,0,0,2223,8.3,,S,22,Mr.,0,28.7248908297
836,1,1,female,39.0,1,1,PC 17756,83.1583,E49,C,27,Miss.,0,30.0
837,0,3,male,21.0,0,0,315097,8.6625,,S,16,Mr.,0,28.7248908297
838,0,3,male,28.7248908297,0,0,392092,8.05,,S,19,Mr.,1,28.7248908297
839,1,3,male,32.0,0,0,1601,56.4958,,S,15,Mr.,0,28.7248908297
840,1,1,male,41.5804597701,0,0,11774,29.7,C47,C,20,Mr.,1,41.5804597701
841,0,3,male,20.0,0,0,SOTON/O2 3101287,7.925,,S,27,Mr.,0,28.7248908297
842,0,2,male,16.0,0,0,S.O./P.P. 3,10.5,,S,24,Mr.,0,32.7682926829
843,1,1,female,30.0,0,0,113798,31.0,,C,23,Miss.,0,30.0
844,0,3,male,34.5,0,0,2683,6.4375,,C,26,Mr.,0,28.7248908297
845,0,3,male,17.0,0,0,315090,8.6625,,S,19,Mr.,0,28.7248908297
846,0,3,male,42.0,0,0,C.A. 5547,7.55,,S,19,Mr.,0,28.7248908297
847,0,3,male,28.7248908297,8,2,CA. 2343,69.55,,S,24,Mr.,1,28.7248908297
848,0,3,male,35.0,0,0,349213,7.8958,,C,18,Mr.,0,28.7248908297
849,0,2,male,28.0,0,1,248727,33.0,,S,17,Rev.,0,43.1666666667
850,1,1,female,40.8823529412,1,0,17453,89.1042,C92,C,44,Mrs.,1,40.8823529412
851,0,3,male,4.0,4,2,347082,31.275,,S,39,Master.,0,5.35083333333
852,0,3,male,74.0,0,0,347060,7.775,,S,19,Mr.,0,28.7248908297
853,0,3,female,9.0,1,1,2678,15.2458,,C,23,Miss.,0,16.1231884058
854,1,1,female,16.0,0,1,PC 17592,39.4,D28,S,25,Miss.,0,30.0
855,0,2,female,44.0,1,0,244252,26.0,,S,45,Mrs.,0,33.6829268293
856,1,3,female,18.0,0,1,392091,9.35,,S,26,Mrs.,0,33.5151515152
857,1,1,female,45.0,1,1,36928,164.8667,,S,42,Mrs.,0,40.8823529412
858,1,1,male,51.0,0,0,113055,26.55,E17,S,22,Mr.,0,41.5804597701
859,1,3,female,24.0,0,3,2666,19.2583,,C,37,Mrs.,0,33.5151515152
860,0,3,male,28.7248908297,0,0,2629,7.2292,,C,16,Mr.,1,28.7248908297
861,0,3,male,41.0,2,0,350026,14.1083,,S,23,Mr.,0,28.7248908297
862,0,2,male,21.0,1,0,28134,11.5,,S,27,Mr.,0,32.7682926829
863,1,1,female,48.0,0,0,17466,25.9292,D17,S,51,Mrs.,0,40.8823529412
864,0,3,female,16.1231884058,8,2,CA. 2343,69.55,,S,33,Miss.,1,16.1231884058
865,0,2,male,24.0,0,0,233866,13.0,,S,22,Mr.,0,32.7682926829
866,1,2,female,42.0,0,0,236852,13.0,,S,24,Mrs.,0,33.6829268293
867,1,2,female,27.0,1,0,SC/PARIS 2149,13.8583,,C,28,Miss.,0,22.390625
868,0,1,male,31.0,0,0,PC 17590,50.4958,A24,S,36,Mr.,0,41.5804597701
869,0,3,male,28.7248908297,0,0,345777,9.5,,S,27,Mr.,1,28.7248908297
870,1,3,male,4.0,1,1,347742,11.1333,,S,31,Master.,0,5.35083333333
871,0,3,male,26.0,0,0,349248,7.8958,,S,17,Mr.,0,28.7248908297
872,1,1,female,47.0,1,1,11751,52.5542,D35,S,48,Mrs.,0,40.8823529412
873,0,1,male,33.0,0,0,695,5.0,B51 B53 B55,S,24,Mr.,0,41.5804597701
874,0,3,male,47.0,0,0,345765,9.0,,S,27,Mr.,0,28.7248908297
875,1,2,female,28.0,1,0,P/PP 3381,24.0,,C,37,Mrs.,0,33.6829268293
876,1,3,female,15.0,0,0,2667,7.225,,C,32,Miss.,0,16.1231884058
877,0,3,male,20.0,0,0,7534,9.8458,,S,29,Mr.,0,28.7248908297
878,0,3,male,19.0,0,0,349212,7.8958,,S,20,Mr.,0,28.7248908297
879,0,3,male,28.7248908297,0,0,349217,7.8958,,S,18,Mr.,1,28.7248908297
880,1,1,female,56.0,0,1,11767,83.1583,C50,C,45,Mrs.,0,40.8823529412
881,1,2,female,25.0,0,1,230433,26.0,,S,44,Mrs.,0,33.6829268293
882,0,3,male,33.0,0,0,349257,7.8958,,S,18,Mr.,0,28.7248908297
883,0,3,female,22.0,0,0,7552,10.5167,,S,28,Miss.,0,16.1231884058
884,0,2,male,28.0,0,0,C.A./SOTON 34068,10.5,,S,29,Mr.,0,32.7682926829
885,0,3,male,25.0,0,0,SOTON/OQ 392076,7.05,,S,22,Mr.,0,28.7248908297
886,0,3,female,39.0,0,5,382652,29.125,,Q,36,Mrs.,0,33.5151515152
887,0,2,male,27.0,0,0,211536,13.0,,S,21,Rev.,0,43.1666666667
888,1,1,female,19.0,0,0,112053,30.0,B42,S,28,Miss.,0,30.0
889,0,3,female,16.1231884058,1,2,W./C. 6607,23.45,,S,40,Miss.,1,16.1231884058
890,1,1,male,26.0,0,0,111369,30.0,C148,C,21,Mr.,0,41.5804597701
891,0,3,male,32.0,0,0,370376,7.75,,Q,19,Mr.,0,28.7248908297
